1,11,4,2022-10-02,36.76
2,10,2,2022-10-02,14.58
3,17,2,2022-10-02,3.98
4,19,4,2022-10-02,15.8
5,12,4,2022-10-02,36.76
6,13,3,2022-10-02,27.57
7,8,1,2022-10-02,7.49
8,18,4,2022-10-02,16.36
9,8,3,2022-10-02,22.47
10,11,1,2022-10-02,9.19
10,11,1,2022-10-02,9.19
11,6,1,2022-10-02,7.49
12,4,4,2022-10-02,29.96
13,20,2,2022-10-02,4.3
14,8,2,2022-10-02,14.98
15,8,2,2022-10-02,14.98
16,3,4,2022-10-02,21.44
17,12,1,2022-10-02,9.19
18,5,1,2022-10-02,4.39
19,17,1,2022-10-02,1.99
20,4,2,2022-10-02,14.98
20,4,1,2022-10-02,7.49
20,4,2,2022-10-02,14.98
21,20,1,2022-10-02,2.15
22,10,2,2022-10-02,14.58
23,2,4,2022-10-02,18.6
24,0,1,2022-10-02,4.29
25,13,2,2022-10-02,18.38
26,14,2,2022-10-02,4.58
27,19,3,2022-10-02,11.85
28,11,3,2022-10-02,27.57
29,19,3,2022-10-02,11.85
30,9,2,2022-10-02,14.98
30,9,2,2022-10-02,14.98
31,14,2,2022-10-02,4.58
32,3,4,2022-10-02,21.44
33,11,4,2022-10-02,36.76
34,11,3,2022-10-02,27.57
35,18,4,2022-10-02,16.36
36,9,3,2022-10-02,22.47
37,20,1,2022-10-02,2.15
38,15,2,2022-10-02,3.78
39,12,4,2022-10-02,36.76
40,5,1,2022-10-02,4.39
40,5,2,2022-10-02,8.78
40,5,3,2022-10-02,13.17
41,6,4,2022-10-02,29.96
42,2,3,2022-10-02,13.95
43,16,3,2022-10-02,4.35
44,9,3,2022-10-02,22.47
45,17,1,2022-10-02,1.99
46,6,2,2022-10-02,14.98
47,18,1,2022-10-02,4.09
48,0,2,2022-10-02,8.58
49,17,3,2022-10-02,5.97
50,1,4,2022-10-02,19.96
50,1,1,2022-10-02,4.99
51,8,1,2022-10-02,7.49
52,2,4,2022-10-02,18.6
53,1,4,2022-10-02,19.96
54,6,2,2022-10-02,14.98
55,11,2,2022-10-02,18.38
56,18,4,2022-10-02,16.36
57,19,4,2022-10-02,15.8
58,1,1,2022-10-02,4.99
59,13,4,2022-10-02,36.76
60,3,3,2022-10-02,16.08
60,3,4,2022-10-02,21.44
60,3,3,2022-10-02,16.08
61,14,1,2022-10-02,2.29
62,0,3,2022-10-02,12.87
63,2,2,2022-10-02,9.3
64,18,3,2022-10-02,12.27
65,9,3,2022-10-02,22.47
66,2,2,2022-10-02,9.3
67,8,3,2022-10-02,22.47
68,15,1,2022-10-02,1.89
69,12,3,2022-10-02,27.57
70,12,4,2022-10-02,36.76
70,12,4,2022-10-02,36.76
71,11,3,2022-10-02,27.57
72,9,3,2022-10-02,22.47
73,3,1,2022-10-02,5.36
74,6,3,2022-10-02,22.47
75,6,1,2022-10-02,7.49
76,17,4,2022-10-02,7.96
77,14,4,2022-10-02,9.16
78,12,4,2022-10-02,36.76
79,17,1,2022-10-02,1.99
80,5,3,2022-10-02,13.17
80,5,4,2022-10-02,17.56
80,5,1,2022-10-02,4.39
81,0,2,2022-10-02,8.58
82,16,2,2022-10-02,2.9
83,3,3,2022-10-02,16.08
84,15,2,2022-10-02,3.78
85,14,2,2022-10-02,4.58
86,12,3,2022-10-02,27.57
87,1,1,2022-10-02,4.99
88,17,1,2022-10-02,1.99
89,13,4,2022-10-02,36.76
90,1,2,2022-10-02,9.98
90,1,4,2022-10-02,19.96
91,7,4,2022-10-02,25.04
92,12,3,2022-10-02,27.57
93,10,4,2022-10-02,29.16
94,12,3,2022-10-02,27.57
95,20,4,2022-10-02,8.6
96,5,2,2022-10-02,8.78
97,14,3,2022-10-02,6.87
98,8,1,2022-10-02,7.49
99,13,4,2022-10-02,36.76
100,18,1,2022-10-02,4.09
100,18,3,2022-10-02,12.27
100,18,2,2022-10-02,8.18
101,18,2,2022-10-02,8.18
102,2,1,2022-10-02,4.65
103,4,1,2022-10-02,7.49
104,19,1,2022-10-02,3.95
105,6,4,2022-10-02,29.96
106,20,2,2022-10-02,4.3
107,16,2,2022-10-02,2.9
108,11,1,2022-10-02,9.19
109,17,4,2022-10-02,7.96
110,0,3,2022-10-02,12.87
110,0,1,2022-10-02,4.29
111,5,2,2022-10-02,8.78
112,16,4,2022-10-02,5.8
113,15,4,2022-10-02,7.56
114,1,3,2022-10-02,14.97
115,18,2,2022-10-02,8.18
116,16,4,2022-10-02,5.8
117,19,1,2022-10-02,3.95
118,13,3,2022-10-02,27.57
119,19,3,2022-10-02,11.85
120,1,1,2022-10-02,4.99
120,1,1,2022-10-02,4.99
120,1,4,2022-10-02,19.96
121,9,1,2022-10-02,7.49
122,0,2,2022-10-02,8.58
123,11,3,2022-10-02,27.57
124,8,2,2022-10-02,14.98
125,12,3,2022-10-02,27.57
126,1,4,2022-10-02,19.96
127,12,1,2022-10-02,9.19
128,9,3,2022-10-02,22.47
129,19,4,2022-10-02,15.8
130,10,3,2022-10-02,21.87
130,10,1,2022-10-02,7.29
131,6,4,2022-10-02,29.96
132,7,1,2022-10-03,6.26
133,14,2,2022-10-03,4.58
134,14,1,2022-10-03,2.29
135,10,1,2022-10-03,7.29
136,12,4,2022-10-03,36.76
137,8,2,2022-10-03,14.98
138,8,2,2022-10-03,14.98
139,16,2,2022-10-03,2.9
140,8,2,2022-10-03,14.98
140,8,3,2022-10-03,22.47
140,8,2,2022-10-03,14.98
141,10,3,2022-10-03,21.87
142,6,1,2022-10-03,7.49
143,4,3,2022-10-03,22.47
144,13,2,2022-10-03,18.38
145,15,4,2022-10-03,7.56
146,20,2,2022-10-03,4.3
147,4,4,2022-10-03,29.96
148,9,3,2022-10-03,22.47
149,15,1,2022-10-03,1.89
150,1,2,2022-10-03,9.98
150,1,4,2022-10-03,19.96
151,19,3,2022-10-03,11.85
152,8,2,2022-10-03,14.98
153,20,1,2022-10-03,2.15
154,3,3,2022-10-03,16.08
155,14,4,2022-10-03,9.16
156,3,4,2022-10-03,21.44
157,7,4,2022-10-03,25.04
158,15,1,2022-10-03,1.89
159,8,1,2022-10-03,7.49
160,3,1,2022-10-03,5.36
160,3,1,2022-10-03,5.36
160,3,1,2022-10-03,5.36
161,14,3,2022-10-03,6.87
162,16,4,2022-10-03,5.8
163,10,2,2022-10-03,14.58
164,18,4,2022-10-03,16.36
165,11,3,2022-10-03,27.57
166,0,1,2022-10-03,4.29
167,8,2,2022-10-03,14.98
168,11,2,2022-10-03,18.38
169,5,2,2022-10-03,8.78
170,1,4,2022-10-03,19.96
170,1,4,2022-10-03,19.96
171,16,1,2022-10-03,1.45
172,18,2,2022-10-03,8.18
173,6,2,2022-10-03,14.98
174,13,1,2022-10-03,9.19
175,14,1,2022-10-03,2.29
176,5,4,2022-10-03,17.56
177,15,2,2022-10-03,3.78
178,19,4,2022-10-03,15.8
179,1,1,2022-10-03,4.99
180,16,3,2022-10-03,4.35
180,16,1,2022-10-03,1.45
180,16,4,2022-10-03,5.8
181,11,1,2022-10-03,9.19
182,16,3,2022-10-03,4.35
183,13,1,2022-10-03,9.19
184,4,2,2022-10-03,14.98
185,8,1,2022-10-03,7.49
186,13,3,2022-10-03,27.57
187,17,2,2022-10-03,3.98
188,0,3,2022-10-03,12.87
189,13,2,2022-10-03,18.38
190,20,2,2022-10-03,4.3
190,20,4,2022-10-03,8.6
191,14,1,2022-10-03,2.29
192,4,4,2022-10-03,29.96
193,5,2,2022-10-03,8.78
194,3,1,2022-10-03,5.36
195,8,3,2022-10-03,22.47
196,20,3,2022-10-03,6.45
197,2,4,2022-10-03,18.6
198,10,4,2022-10-03,29.16
199,15,4,2022-10-03,7.56
200,11,3,2022-10-03,27.57
200,11,2,2022-10-03,18.38
200,11,2,2022-10-03,18.38
201,9,3,2022-10-03,22.47
202,12,1,2022-10-03,9.19
203,3,1,2022-10-03,5.36
204,0,1,2022-10-03,4.29
205,10,3,2022-10-03,21.87
206,1,3,2022-10-03,14.97
207,14,1,2022-10-03,2.29
208,13,3,2022-10-03,27.57
209,19,4,2022-10-03,15.8
210,15,4,2022-10-03,7.56
210,15,1,2022-10-03,1.89
211,20,3,2022-10-03,6.45
212,1,1,2022-10-03,4.99
213,2,1,2022-10-03,4.65
214,5,4,2022-10-03,17.56
215,5,4,2022-10-03,17.56
216,3,3,2022-10-03,16.08
217,12,3,2022-10-03,27.57
218,19,4,2022-10-03,15.8
219,15,3,2022-10-03,5.67
220,3,4,2022-10-03,21.44
220,3,1,2022-10-03,5.36
220,3,2,2022-10-03,10.72
221,3,3,2022-10-03,16.08
222,6,2,2022-10-03,14.98
223,15,3,2022-10-03,5.67
224,0,2,2022-10-03,8.58
225,17,1,2022-10-03,1.99
226,8,1,2022-10-03,7.49
227,19,1,2022-10-03,3.95
228,16,4,2022-10-03,5.8
229,3,4,2022-10-03,21.44
230,1,1,2022-10-03,4.99
230,1,3,2022-10-03,14.97
231,2,4,2022-10-03,18.6
232,2,3,2022-10-03,13.95
233,11,1,2022-10-03,9.19
234,13,2,2022-10-03,18.38
235,2,4,2022-10-03,18.6
236,3,4,2022-10-03,21.44
237,11,3,2022-10-03,27.57
238,10,1,2022-10-03,7.29
239,7,2,2022-10-03,12.52
240,5,4,2022-10-03,17.56
240,5,4,2022-10-03,17.56
240,5,4,2022-10-03,17.56
241,17,4,2022-10-03,7.96
242,11,4,2022-10-03,36.76
243,6,1,2022-10-03,7.49
244,1,3,2022-10-03,14.97
245,3,1,2022-10-03,5.36
246,10,4,2022-10-03,29.16
247,3,3,2022-10-03,16.08
248,11,4,2022-10-03,36.76
249,19,3,2022-10-03,11.85
250,9,4,2022-10-03,29.96
250,9,3,2022-10-03,22.47
251,7,3,2022-10-03,18.78
252,17,1,2022-10-03,1.99
253,13,4,2022-10-03,36.76
254,20,1,2022-10-03,2.15
255,18,4,2022-10-03,16.36
256,17,4,2022-10-03,7.96
257,15,1,2022-10-03,1.89
258,4,2,2022-10-03,14.98
259,6,4,2022-10-03,29.96
260,17,4,2022-10-03,7.96
260,17,1,2022-10-03,1.99
260,17,3,2022-10-03,5.97
261,19,2,2022-10-03,7.9
262,17,4,2022-10-03,7.96
263,9,4,2022-10-03,29.96
264,5,1,2022-10-03,4.39
265,17,2,2022-10-03,3.98
266,19,4,2022-10-03,15.8
267,10,2,2022-10-03,14.58
268,10,2,2022-10-03,14.58
269,0,4,2022-10-03,17.16
270,15,3,2022-10-03,5.67
270,15,3,2022-10-03,5.67
271,2,2,2022-10-03,9.3
272,17,1,2022-10-03,1.99
273,7,2,2022-10-03,12.52
274,19,4,2022-10-03,15.8
275,17,4,2022-10-03,7.96
276,7,2,2022-10-03,12.52
277,12,2,2022-10-04,18.38
278,18,2,2022-10-04,8.18
279,3,2,2022-10-04,10.72
280,8,1,2022-10-04,7.49
280,8,4,2022-10-04,29.96
280,8,3,2022-10-04,22.47
281,2,3,2022-10-04,13.95
282,20,2,2022-10-04,4.3
283,17,1,2022-10-04,1.99
284,3,2,2022-10-04,10.72
285,17,1,2022-10-04,1.99
286,7,3,2022-10-04,18.78
287,2,2,2022-10-04,9.3
288,9,4,2022-10-04,29.96
289,6,1,2022-10-04,7.49
290,6,3,2022-10-04,22.47
290,6,3,2022-10-04,22.47
291,18,2,2022-10-04,8.18
292,19,1,2022-10-04,3.95
293,3,3,2022-10-04,16.08
294,14,1,2022-10-04,2.29
295,5,3,2022-10-04,13.17
296,0,4,2022-10-04,17.16
297,7,1,2022-10-04,6.26
298,2,1,2022-10-04,4.65
299,3,1,2022-10-04,5.36
300,5,1,2022-10-04,4.39
300,5,1,2022-10-04,4.39
300,5,3,2022-10-04,13.17
301,15,1,2022-10-04,1.89
302,17,4,2022-10-04,7.96
303,9,1,2022-10-04,7.49
304,13,4,2022-10-04,36.76
305,16,4,2022-10-04,5.8
306,8,2,2022-10-04,14.98
307,3,4,2022-10-04,21.44
308,10,3,2022-10-04,21.87
309,5,2,2022-10-04,8.78
310,12,4,2022-10-04,36.76
310,12,3,2022-10-04,27.57
311,14,2,2022-10-04,4.58
312,3,1,2022-10-04,5.36
313,18,3,2022-10-04,12.27
314,0,1,2022-10-04,4.29
315,15,1,2022-10-04,1.89
316,8,2,2022-10-04,14.98
317,2,2,2022-10-04,9.3
318,14,3,2022-10-04,6.87
319,14,4,2022-10-04,9.16
320,18,4,2022-10-04,16.36
320,18,2,2022-10-04,8.18
320,18,2,2022-10-04,8.18
321,0,4,2022-10-04,17.16
322,4,4,2022-10-04,29.96
323,14,1,2022-10-04,2.29
324,18,1,2022-10-04,4.09
325,13,3,2022-10-04,27.57
326,14,3,2022-10-04,6.87
327,15,2,2022-10-04,3.78
328,15,3,2022-10-04,5.67
329,13,4,2022-10-04,36.76
330,15,3,2022-10-04,5.67
330,15,2,2022-10-04,3.78
331,14,1,2022-10-04,2.29
332,10,1,2022-10-04,7.29
333,9,1,2022-10-04,7.49
334,3,2,2022-10-04,10.72
335,15,3,2022-10-04,5.67
336,15,1,2022-10-04,1.89
337,6,2,2022-10-04,14.98
338,0,2,2022-10-04,8.58
339,14,2,2022-10-04,4.58
340,2,4,2022-10-04,18.6
340,2,3,2022-10-04,13.95
340,2,1,2022-10-04,4.65
341,19,1,2022-10-04,3.95
342,14,1,2022-10-04,2.29
343,4,2,2022-10-04,14.98
344,2,3,2022-10-04,13.95
345,18,4,2022-10-04,16.36
346,3,1,2022-10-04,5.36
347,18,3,2022-10-04,12.27
348,6,3,2022-10-04,22.47
349,13,4,2022-10-04,36.76
350,1,2,2022-10-04,9.98
350,1,4,2022-10-04,19.96
351,14,4,2022-10-04,9.16
352,10,1,2022-10-04,7.29
353,16,1,2022-10-04,1.45
354,19,2,2022-10-04,7.9
355,4,4,2022-10-04,29.96
356,17,3,2022-10-04,5.97
357,1,1,2022-10-04,4.99
358,15,4,2022-10-04,7.56
359,13,2,2022-10-04,18.38
360,1,4,2022-10-04,19.96
360,1,3,2022-10-04,14.97
360,1,2,2022-10-04,9.98
361,4,2,2022-10-04,14.98
362,8,1,2022-10-04,7.49
363,19,3,2022-10-04,11.85
364,3,1,2022-10-04,5.36
365,19,1,2022-10-04,3.95
366,13,2,2022-10-04,18.38
367,4,4,2022-10-04,29.96
368,11,2,2022-10-04,18.38
369,18,1,2022-10-04,4.09
370,19,2,2022-10-04,7.9
370,19,2,2022-10-04,7.9
371,20,1,2022-10-04,2.15
372,11,2,2022-10-04,18.38
373,15,3,2022-10-04,5.67
374,8,3,2022-10-04,22.47
375,9,2,2022-10-04,14.98
376,10,4,2022-10-04,29.16
377,6,1,2022-10-04,7.49
378,3,4,2022-10-04,21.44
379,5,2,2022-10-04,8.78
380,20,4,2022-10-04,8.6
380,20,2,2022-10-04,4.3
380,20,2,2022-10-04,4.3
381,11,1,2022-10-04,9.19
382,20,3,2022-10-04,6.45
383,9,1,2022-10-04,7.49
384,7,3,2022-10-04,18.78
385,19,1,2022-10-04,3.95
386,17,1,2022-10-04,1.99
387,0,2,2022-10-04,8.58
388,13,1,2022-10-04,9.19
389,12,4,2022-10-04,36.76
390,16,3,2022-10-04,4.35
390,16,4,2022-10-04,5.8
391,15,3,2022-10-04,5.67
392,3,1,2022-10-04,5.36
393,14,3,2022-10-04,6.87
394,17,1,2022-10-04,1.99
395,17,4,2022-10-04,7.96
396,6,2,2022-10-04,14.98
397,6,4,2022-10-04,29.96
398,1,2,2022-10-04,9.98
399,12,3,2022-10-04,27.57
400,3,3,2022-10-04,16.08
400,3,1,2022-10-04,5.36
400,3,2,2022-10-04,10.72
401,1,4,2022-10-04,19.96
402,13,2,2022-10-04,18.38
403,1,2,2022-10-04,9.98
404,12,4,2022-10-04,36.76
405,4,1,2022-10-04,7.49
406,2,3,2022-10-04,13.95
407,15,3,2022-10-04,5.67
408,20,1,2022-10-04,2.15
409,17,1,2022-10-04,1.99
410,8,4,2022-10-04,29.96
410,8,4,2022-10-04,29.96
411,15,4,2022-10-04,7.56
412,6,1,2022-10-04,7.49
413,3,1,2022-10-04,5.36
414,19,4,2022-10-04,15.8
415,18,3,2022-10-04,12.27
416,7,2,2022-10-04,12.52
417,8,2,2022-10-04,14.98
418,5,2,2022-10-04,8.78
419,18,3,2022-10-04,12.27
420,8,1,2022-10-04,7.49
420,8,3,2022-10-04,22.47
420,8,2,2022-10-04,14.98
421,9,3,2022-10-04,22.47
422,9,3,2022-10-04,22.47
423,8,3,2022-10-04,22.47
424,8,1,2022-10-04,7.49
425,0,2,2022-10-04,8.58
426,3,4,2022-10-04,21.44
427,11,2,2022-10-04,18.38
428,18,3,2022-10-05,12.27
429,7,2,2022-10-05,12.52
430,7,3,2022-10-05,18.78
430,7,2,2022-10-05,12.52
431,6,3,2022-10-05,22.47
432,17,4,2022-10-05,7.96
433,2,1,2022-10-05,4.65
434,16,1,2022-10-05,1.45
435,11,3,2022-10-05,27.57
436,1,4,2022-10-05,19.96
437,19,4,2022-10-05,15.8
438,5,4,2022-10-05,17.56
439,14,1,2022-10-05,2.29
440,5,1,2022-10-05,4.39
440,5,3,2022-10-05,13.17
440,5,1,2022-10-05,4.39
441,3,3,2022-10-05,16.08
442,2,1,2022-10-05,4.65
443,17,4,2022-10-05,7.96
444,3,3,2022-10-05,16.08
445,12,1,2022-10-05,9.19
446,19,2,2022-10-05,7.9
447,2,3,2022-10-05,13.95
448,12,3,2022-10-05,27.57
449,5,3,2022-10-05,13.17
450,15,3,2022-10-05,5.67
450,15,4,2022-10-05,7.56
451,10,4,2022-10-05,29.16
452,11,3,2022-10-05,27.57
453,19,4,2022-10-05,15.8
454,17,1,2022-10-05,1.99
455,11,4,2022-10-05,36.76
456,2,3,2022-10-05,13.95
457,20,1,2022-10-05,2.15
458,12,1,2022-10-05,9.19
459,1,3,2022-10-05,14.97
460,12,2,2022-10-05,18.38
460,12,3,2022-10-05,27.57
460,12,3,2022-10-05,27.57
461,3,3,2022-10-05,16.08
462,1,3,2022-10-05,14.97
463,11,1,2022-10-05,9.19
464,14,3,2022-10-05,6.87
465,4,1,2022-10-05,7.49
466,10,4,2022-10-05,29.16
467,14,4,2022-10-05,9.16
468,16,1,2022-10-05,1.45
469,3,4,2022-10-05,21.44
470,18,2,2022-10-05,8.18
470,18,3,2022-10-05,12.27
471,15,4,2022-10-05,7.56
472,4,2,2022-10-05,14.98
473,20,3,2022-10-05,6.45
474,19,3,2022-10-05,11.85
475,10,3,2022-10-05,21.87
476,16,1,2022-10-05,1.45
477,7,4,2022-10-05,25.04
478,19,2,2022-10-05,7.9
479,7,2,2022-10-05,12.52
480,6,4,2022-10-05,29.96
480,6,1,2022-10-05,7.49
480,6,3,2022-10-05,22.47
481,0,4,2022-10-05,17.16
482,2,4,2022-10-05,18.6
483,15,3,2022-10-05,5.67
484,5,4,2022-10-05,17.56
485,12,4,2022-10-05,36.76
486,15,4,2022-10-05,7.56
487,14,3,2022-10-05,6.87
488,19,1,2022-10-05,3.95
489,11,1,2022-10-05,9.19
490,20,1,2022-10-05,2.15
490,20,2,2022-10-05,4.3
491,6,3,2022-10-05,22.47
492,20,2,2022-10-05,4.3
493,19,3,2022-10-05,11.85
494,4,2,2022-10-05,14.98
495,13,4,2022-10-05,36.76
496,10,2,2022-10-05,14.58
497,16,3,2022-10-05,4.35
498,0,3,2022-10-05,12.87
499,11,1,2022-10-05,9.19
500,1,4,2022-10-05,19.96
500,1,4,2022-10-05,19.96
500,1,2,2022-10-05,9.98
501,5,1,2022-10-05,4.39
502,20,4,2022-10-05,8.6
503,20,3,2022-10-05,6.45
504,10,1,2022-10-05,7.29
505,12,4,2022-10-05,36.76
506,6,1,2022-10-05,7.49
507,2,3,2022-10-05,13.95
508,2,2,2022-10-05,9.3
509,0,4,2022-10-05,17.16
510,1,3,2022-10-05,14.97
510,1,3,2022-10-05,14.97
511,20,4,2022-10-05,8.6
512,12,4,2022-10-05,36.76
513,13,1,2022-10-05,9.19
514,9,4,2022-10-05,29.96
515,0,3,2022-10-05,12.87
516,6,1,2022-10-05,7.49
517,1,4,2022-10-05,19.96
518,2,4,2022-10-05,18.6
519,20,2,2022-10-05,4.3
520,7,3,2022-10-05,18.78
520,7,4,2022-10-05,25.04
520,7,1,2022-10-05,6.26
521,8,2,2022-10-05,14.98
522,15,3,2022-10-05,5.67
523,18,1,2022-10-05,4.09
524,5,3,2022-10-05,13.17
525,18,1,2022-10-05,4.09
526,9,1,2022-10-05,7.49
527,4,4,2022-10-05,29.96
528,9,3,2022-10-05,22.47
529,10,4,2022-10-05,29.16
530,14,4,2022-10-05,9.16
530,14,1,2022-10-05,2.29
531,2,2,2022-10-05,9.3
532,5,4,2022-10-05,17.56
533,11,2,2022-10-05,18.38
534,13,3,2022-10-05,27.57
535,7,1,2022-10-05,6.26
536,10,2,2022-10-05,14.58
537,2,4,2022-10-05,18.6
538,20,2,2022-10-05,4.3
539,5,2,2022-10-05,8.78
540,7,1,2022-10-05,6.26
540,7,2,2022-10-05,12.52
540,7,1,2022-10-05,6.26
541,10,2,2022-10-05,14.58
542,19,2,2022-10-05,7.9
543,5,1,2022-10-05,4.39
544,1,2,2022-10-05,9.98
545,14,2,2022-10-05,4.58
546,12,2,2022-10-05,18.38
547,9,2,2022-10-05,14.98
548,15,4,2022-10-05,7.56
549,0,1,2022-10-05,4.29
550,17,3,2022-10-05,5.97
550,17,1,2022-10-05,1.99
551,17,2,2022-10-05,3.98
552,16,2,2022-10-05,2.9
553,13,2,2022-10-05,18.38
554,16,1,2022-10-05,1.45
555,6,1,2022-10-05,7.49
556,9,1,2022-10-05,7.49
557,12,3,2022-10-05,27.57
558,6,4,2022-10-05,29.96
559,15,2,2022-10-05,3.78
560,13,3,2022-10-05,27.57
560,13,2,2022-10-05,18.38
560,13,4,2022-10-05,36.76
561,3,1,2022-10-05,5.36
562,16,3,2022-10-05,4.35
563,18,4,2022-10-05,16.36
564,0,2,2022-10-05,8.58
565,19,3,2022-10-05,11.85
566,20,2,2022-10-05,4.3
567,20,2,2022-10-05,4.3
568,8,4,2022-10-05,29.96
569,16,4,2022-10-06,5.8
570,2,3,2022-10-06,13.95
570,2,2,2022-10-06,9.3
571,4,3,2022-10-06,22.47
572,8,4,2022-10-06,29.96
573,0,1,2022-10-06,4.29
574,1,3,2022-10-06,14.97
575,18,4,2022-10-06,16.36
576,0,4,2022-10-06,17.16
577,17,4,2022-10-06,7.96
578,2,4,2022-10-06,18.6
579,17,1,2022-10-06,1.99
580,10,2,2022-10-06,14.58
580,10,1,2022-10-06,7.29
580,10,1,2022-10-06,7.29
581,1,3,2022-10-06,14.97
582,15,1,2022-10-06,1.89
583,15,1,2022-10-06,1.89
584,17,2,2022-10-06,3.98
585,18,3,2022-10-06,12.27
586,11,3,2022-10-06,27.57
587,6,2,2022-10-06,14.98
588,15,4,2022-10-06,7.56
589,6,1,2022-10-06,7.49
590,2,2,2022-10-06,9.3
590,2,1,2022-10-06,4.65
591,0,1,2022-10-06,4.29
592,2,4,2022-10-06,18.6
593,4,3,2022-10-06,22.47
594,5,4,2022-10-06,17.56
595,13,1,2022-10-06,9.19
596,13,1,2022-10-06,9.19
597,17,3,2022-10-06,5.97
598,1,2,2022-10-06,9.98
599,19,1,2022-10-06,3.95
600,19,1,2022-10-06,3.95
600,19,1,2022-10-06,3.95
600,19,3,2022-10-06,11.85
601,13,1,2022-10-06,9.19
602,10,3,2022-10-06,21.87
603,5,1,2022-10-06,4.39
604,17,1,2022-10-06,1.99
605,4,4,2022-10-06,29.96
606,15,2,2022-10-06,3.78
607,15,2,2022-10-06,3.78
608,4,1,2022-10-06,7.49
609,0,3,2022-10-06,12.87
610,7,4,2022-10-06,25.04
610,7,2,2022-10-06,12.52
611,17,2,2022-10-06,3.98
612,10,4,2022-10-06,29.16
613,17,2,2022-10-06,3.98
614,0,2,2022-10-06,8.58
615,20,4,2022-10-06,8.6
616,12,3,2022-10-06,27.57
617,10,3,2022-10-06,21.87
618,12,2,2022-10-06,18.38
619,18,4,2022-10-06,16.36
620,7,2,2022-10-06,12.52
620,7,3,2022-10-06,18.78
620,7,4,2022-10-06,25.04
621,10,4,2022-10-06,29.16
622,19,2,2022-10-06,7.9
623,1,4,2022-10-06,19.96
624,20,1,2022-10-06,2.15
625,6,1,2022-10-06,7.49
626,12,2,2022-10-06,18.38
627,16,1,2022-10-06,1.45
628,5,3,2022-10-06,13.17
629,4,3,2022-10-06,22.47
630,18,3,2022-10-06,12.27
630,18,3,2022-10-06,12.27
631,18,4,2022-10-06,16.36
632,15,2,2022-10-06,3.78
633,16,1,2022-10-06,1.45
634,16,2,2022-10-06,2.9
635,7,3,2022-10-06,18.78
636,0,3,2022-10-06,12.87
637,20,4,2022-10-06,8.6
638,3,1,2022-10-06,5.36
639,6,2,2022-10-06,14.98
640,19,2,2022-10-06,7.9
640,19,1,2022-10-06,3.95
640,19,1,2022-10-06,3.95
641,8,4,2022-10-06,29.96
642,5,1,2022-10-06,4.39
643,15,4,2022-10-06,7.56
644,0,4,2022-10-06,17.16
645,11,1,2022-10-06,9.19
646,7,4,2022-10-06,25.04
647,8,3,2022-10-06,22.47
648,15,2,2022-10-06,3.78
649,12,2,2022-10-06,18.38
650,10,4,2022-10-06,29.16
650,10,3,2022-10-06,21.87
651,2,4,2022-10-06,18.6
652,20,2,2022-10-06,4.3
653,1,3,2022-10-06,14.97
654,19,1,2022-10-06,3.95
655,0,1,2022-10-06,4.29
656,10,3,2022-10-06,21.87
657,3,4,2022-10-06,21.44
658,17,4,2022-10-06,7.96
659,15,3,2022-10-06,5.67
660,6,4,2022-10-06,29.96
660,6,3,2022-10-06,22.47
660,6,1,2022-10-06,7.49
661,20,1,2022-10-06,2.15
662,20,1,2022-10-06,2.15
663,5,4,2022-10-06,17.56
664,5,4,2022-10-06,17.56
665,13,3,2022-10-06,27.57
666,14,1,2022-10-06,2.29
667,18,2,2022-10-06,8.18
668,14,1,2022-10-06,2.29
669,1,2,2022-10-06,9.98
670,15,4,2022-10-06,7.56
670,15,3,2022-10-06,5.67
671,19,2,2022-10-06,7.9
672,2,2,2022-10-06,9.3
673,17,2,2022-10-06,3.98
674,16,1,2022-10-06,1.45
675,1,1,2022-10-06,4.99
676,2,3,2022-10-06,13.95
677,8,4,2022-10-06,29.96
678,12,4,2022-10-06,36.76
679,11,3,2022-10-06,27.57
680,18,2,2022-10-06,8.18
680,18,3,2022-10-06,12.27
680,18,4,2022-10-06,16.36
681,5,3,2022-10-06,13.17
682,14,1,2022-10-06,2.29
683,4,3,2022-10-06,22.47
684,14,2,2022-10-06,4.58
685,12,1,2022-10-06,9.19
686,20,4,2022-10-06,8.6
687,13,2,2022-10-06,18.38
688,12,1,2022-10-06,9.19
689,9,1,2022-10-06,7.49
690,6,1,2022-10-06,7.49
690,6,3,2022-10-06,22.47
691,14,4,2022-10-06,9.16
692,11,1,2022-10-06,9.19
693,8,4,2022-10-06,29.96
694,19,1,2022-10-06,3.95
695,4,1,2022-10-06,7.49
696,20,1,2022-10-06,2.15
697,16,3,2022-10-06,4.35
698,15,1,2022-10-06,1.89
699,0,3,2022-10-06,12.87
700,0,1,2022-10-06,4.29
700,0,2,2022-10-06,8.58
700,0,2,2022-10-06,8.58
701,14,1,2022-10-06,2.29
702,13,3,2022-10-06,27.57
703,14,1,2022-10-06,2.29
704,20,2,2022-10-06,4.3
705,9,2,2022-10-06,14.98
706,20,3,2022-10-06,6.45
707,11,3,2022-10-06,27.57
708,19,2,2022-10-06,7.9
709,1,1,2022-10-06,4.99
710,15,2,2022-10-06,3.78
710,15,2,2022-10-06,3.78
711,2,3,2022-10-06,13.95
712,9,3,2022-10-06,22.47
713,16,2,2022-10-06,2.9
714,8,3,2022-10-06,22.47
715,8,1,2022-10-06,7.49
716,18,4,2022-10-06,16.36
717,2,3,2022-10-06,13.95
718,13,2,2022-10-06,18.38
719,7,2,2022-10-06,12.52
720,12,3,2022-10-06,27.57
720,12,1,2022-10-06,9.19
720,12,1,2022-10-06,9.19
721,15,2,2022-10-06,3.78
722,14,3,2022-10-06,6.87
723,14,3,2022-10-07,6.87
724,6,1,2022-10-07,7.49
725,7,3,2022-10-07,18.78
726,16,1,2022-10-07,1.45
727,18,2,2022-10-07,8.18
728,19,3,2022-10-07,11.85
729,4,4,2022-10-07,29.96
730,11,3,2022-10-07,27.57
730,11,4,2022-10-07,36.76
731,16,3,2022-10-07,4.35
732,0,1,2022-10-07,4.29
733,0,4,2022-10-07,17.16
734,10,2,2022-10-07,14.58
735,9,3,2022-10-07,22.47
736,17,4,2022-10-07,7.96
737,19,2,2022-10-07,7.9
738,19,4,2022-10-07,15.8
739,19,4,2022-10-07,15.8
740,13,1,2022-10-07,9.19
740,13,1,2022-10-07,9.19
740,13,3,2022-10-07,27.57
741,19,4,2022-10-07,15.8
742,12,4,2022-10-07,36.76
743,1,3,2022-10-07,14.97
744,9,1,2022-10-07,7.49
745,1,2,2022-10-07,9.98
746,20,4,2022-10-07,8.6
747,10,2,2022-10-07,14.58
748,5,3,2022-10-07,13.17
749,8,3,2022-10-07,22.47
750,19,4,2022-10-07,15.8
750,19,3,2022-10-07,11.85
751,0,3,2022-10-07,12.87
752,1,2,2022-10-07,9.98
753,7,3,2022-10-07,18.78
754,16,2,2022-10-07,2.9
755,9,3,2022-10-07,22.47
756,11,2,2022-10-07,18.38
757,18,1,2022-10-07,4.09
758,10,3,2022-10-07,21.87
759,1,2,2022-10-07,9.98
760,10,1,2022-10-07,7.29
760,10,1,2022-10-07,7.29
760,10,4,2022-10-07,29.16
761,3,4,2022-10-07,21.44
762,8,4,2022-10-07,29.96
763,18,1,2022-10-07,4.09
764,16,4,2022-10-07,5.8
765,6,4,2022-10-07,29.96
766,0,4,2022-10-07,17.16
767,10,2,2022-10-07,14.58
768,15,2,2022-10-07,3.78
769,18,2,2022-10-07,8.18
770,2,3,2022-10-07,13.95
770,2,1,2022-10-07,4.65
771,13,3,2022-10-07,27.57
772,19,3,2022-10-07,11.85
773,4,1,2022-10-07,7.49
774,17,2,2022-10-07,3.98
775,17,2,2022-10-07,3.98
776,19,4,2022-10-07,15.8
777,10,3,2022-10-07,21.87
778,17,2,2022-10-07,3.98
779,1,4,2022-10-07,19.96
780,17,4,2022-10-07,7.96
780,17,4,2022-10-07,7.96
780,17,2,2022-10-07,3.98
781,18,4,2022-10-07,16.36
782,8,4,2022-10-07,29.96
783,20,1,2022-10-07,2.15
784,8,4,2022-10-07,29.96
785,13,4,2022-10-07,36.76
786,14,2,2022-10-07,4.58
787,1,1,2022-10-07,4.99
788,0,1,2022-10-07,4.29
789,12,1,2022-10-07,9.19
790,7,1,2022-10-07,6.26
790,7,2,2022-10-07,12.52
791,16,1,2022-10-07,1.45
792,18,1,2022-10-07,4.09
793,7,3,2022-10-07,18.78
794,15,4,2022-10-07,7.56
795,16,3,2022-10-07,4.35
796,11,3,2022-10-07,27.57
797,19,1,2022-10-07,3.95
798,9,1,2022-10-07,7.49
799,5,2,2022-10-07,8.78
800,5,1,2022-10-07,4.39
800,5,3,2022-10-07,13.17
800,5,4,2022-10-07,17.56
801,16,1,2022-10-07,1.45
802,9,3,2022-10-07,22.47
803,5,1,2022-10-07,4.39
804,19,4,2022-10-07,15.8
805,1,4,2022-10-07,19.96
806,2,1,2022-10-07,4.65
807,17,1,2022-10-07,1.99
808,20,2,2022-10-07,4.3
809,7,3,2022-10-07,18.78
810,9,2,2022-10-07,14.98
810,9,3,2022-10-07,22.47
811,8,2,2022-10-07,14.98
812,14,1,2022-10-07,2.29
813,18,3,2022-10-07,12.27
814,2,4,2022-10-07,18.6
815,5,4,2022-10-07,17.56
816,18,3,2022-10-07,12.27
817,3,2,2022-10-07,10.72
818,2,4,2022-10-07,18.6
819,2,2,2022-10-07,9.3
820,15,4,2022-10-07,7.56
820,15,3,2022-10-07,5.67
820,15,3,2022-10-07,5.67
821,9,2,2022-10-07,14.98
822,13,3,2022-10-07,27.57
823,15,1,2022-10-07,1.89
824,15,2,2022-10-07,3.78
825,7,1,2022-10-07,6.26
826,15,3,2022-10-07,5.67
827,17,4,2022-10-07,7.96
828,6,3,2022-10-07,22.47
829,11,1,2022-10-07,9.19
830,4,2,2022-10-07,14.98
830,4,3,2022-10-07,22.47
831,10,4,2022-10-07,29.16
832,3,1,2022-10-07,5.36
833,4,1,2022-10-07,7.49
834,12,1,2022-10-07,9.19
835,19,2,2022-10-07,7.9
836,20,1,2022-10-07,2.15
837,1,1,2022-10-07,4.99
838,1,1,2022-10-07,4.99
839,4,3,2022-10-07,22.47
840,6,3,2022-10-07,22.47
840,6,1,2022-10-07,7.49
840,6,2,2022-10-07,14.98
841,15,1,2022-10-07,1.89
842,18,2,2022-10-07,8.18
843,15,2,2022-10-07,3.78
844,10,2,2022-10-07,14.58
845,3,2,2022-10-07,10.72
846,16,4,2022-10-07,5.8
847,5,1,2022-10-07,4.39
848,11,2,2022-10-07,18.38
849,15,3,2022-10-07,5.67
850,14,2,2022-10-07,4.58
850,14,1,2022-10-07,2.29
851,7,3,2022-10-07,18.78
852,17,2,2022-10-07,3.98
853,9,4,2022-10-07,29.96
854,1,3,2022-10-07,14.97
855,3,4,2022-10-07,21.44
856,4,1,2022-10-07,7.49
857,2,1,2022-10-07,4.65
858,18,4,2022-10-07,16.36
859,9,1,2022-10-07,7.49
860,3,3,2022-10-07,16.08
860,3,3,2022-10-07,16.08
860,3,1,2022-10-07,5.36
861,10,2,2022-10-07,14.58
862,2,3,2022-10-07,13.95
863,12,3,2022-10-07,27.57
864,6,1,2022-10-07,7.49
865,12,2,2022-10-07,18.38
866,16,2,2022-10-07,2.9
867,17,3,2022-10-07,5.97
868,9,4,2022-10-07,29.96
869,17,1,2022-10-07,1.99
870,3,1,2022-10-07,5.36
870,3,2,2022-10-07,10.72
871,18,1,2022-10-07,4.09
872,0,4,2022-10-07,17.16
873,3,2,2022-10-08,10.72
874,6,1,2022-10-08,7.49
875,20,1,2022-10-08,2.15
876,3,2,2022-10-08,10.72
877,14,4,2022-10-08,9.16
878,2,1,2022-10-08,4.65
879,9,2,2022-10-08,14.98
880,19,4,2022-10-08,15.8
880,19,2,2022-10-08,7.9
880,19,3,2022-10-08,11.85
881,9,3,2022-10-08,22.47
882,18,1,2022-10-08,4.09
883,17,4,2022-10-08,7.96
884,13,1,2022-10-08,9.19
885,14,1,2022-10-08,2.29
886,2,1,2022-10-08,4.65
887,9,3,2022-10-08,22.47
888,4,3,2022-10-08,22.47
889,1,3,2022-10-08,14.97
890,0,1,2022-10-08,4.29
890,0,4,2022-10-08,17.16
891,10,2,2022-10-08,14.58
892,11,4,2022-10-08,36.76
893,0,2,2022-10-08,8.58
894,10,1,2022-10-08,7.29
895,8,1,2022-10-08,7.49
896,19,4,2022-10-08,15.8
897,18,3,2022-10-08,12.27
898,18,1,2022-10-08,4.09
899,0,3,2022-10-08,12.87
900,14,2,2022-10-08,4.58
900,14,4,2022-10-08,9.16
900,14,2,2022-10-08,4.58
901,4,3,2022-10-08,22.47
902,16,4,2022-10-08,5.8
903,9,4,2022-10-08,29.96
904,11,3,2022-10-08,27.57
905,9,1,2022-10-08,7.49
906,3,4,2022-10-08,21.44
907,16,1,2022-10-08,1.45
908,15,4,2022-10-08,7.56
909,7,1,2022-10-08,6.26
910,2,4,2022-10-08,18.6
910,2,4,2022-10-08,18.6
911,7,1,2022-10-08,6.26
912,14,3,2022-10-08,6.87
913,11,2,2022-10-08,18.38
914,9,3,2022-10-08,22.47
915,13,2,2022-10-08,18.38
916,16,3,2022-10-08,4.35
917,5,1,2022-10-08,4.39
918,12,2,2022-10-08,18.38
919,12,1,2022-10-08,9.19
920,7,2,2022-10-08,12.52
920,7,2,2022-10-08,12.52
920,7,3,2022-10-08,18.78
921,11,4,2022-10-08,36.76
922,0,3,2022-10-08,12.87
923,8,1,2022-10-08,7.49
924,13,3,2022-10-08,27.57
925,15,3,2022-10-08,5.67
926,18,2,2022-10-08,8.18
927,4,1,2022-10-08,7.49
928,9,1,2022-10-08,7.49
929,2,3,2022-10-08,13.95
930,0,2,2022-10-08,8.58
930,0,2,2022-10-08,8.58
931,9,2,2022-10-08,14.98
932,9,2,2022-10-08,14.98
933,16,3,2022-10-08,4.35
934,11,2,2022-10-08,18.38
935,14,1,2022-10-08,2.29
936,17,1,2022-10-08,1.99
937,2,3,2022-10-08,13.95
938,12,3,2022-10-08,27.57
939,2,2,2022-10-08,9.3
940,4,1,2022-10-08,7.49
940,4,3,2022-10-08,22.47
940,4,2,2022-10-08,14.98
941,12,2,2022-10-08,18.38
942,0,1,2022-10-08,4.29
943,12,2,2022-10-08,18.38
944,8,1,2022-10-08,7.49
945,4,3,2022-10-08,22.47
946,5,1,2022-10-08,4.39
947,12,2,2022-10-08,18.38
948,19,3,2022-10-08,11.85
949,5,4,2022-10-08,17.56
950,3,4,2022-10-08,21.44
950,3,1,2022-10-08,5.36
951,12,1,2022-10-08,9.19
952,3,3,2022-10-08,16.08
953,8,3,2022-10-08,22.47
954,14,1,2022-10-08,2.29
955,4,1,2022-10-08,7.49
956,8,3,2022-10-08,22.47
957,8,3,2022-10-08,22.47
958,10,3,2022-10-08,21.87
959,6,1,2022-10-08,7.49
960,18,3,2022-10-08,12.27
960,18,4,2022-10-08,16.36
960,18,1,2022-10-08,4.09
961,3,3,2022-10-08,16.08
962,18,3,2022-10-08,12.27
963,16,2,2022-10-08,2.9
964,4,2,2022-10-08,14.98
965,4,2,2022-10-08,14.98
966,3,2,2022-10-08,10.72
967,8,3,2022-10-08,22.47
968,18,4,2022-10-08,16.36
969,20,3,2022-10-08,6.45
970,3,3,2022-10-08,16.08
970,3,3,2022-10-08,16.08
971,14,1,2022-10-08,2.29
972,9,2,2022-10-08,14.98
973,16,1,2022-10-08,1.45
974,13,3,2022-10-08,27.57
975,0,3,2022-10-08,12.87
976,16,4,2022-10-08,5.8
977,1,1,2022-10-08,4.99
978,14,4,2022-10-08,9.16
979,19,4,2022-10-08,15.8
980,4,2,2022-10-08,14.98
980,4,2,2022-10-08,14.98
980,4,3,2022-10-08,22.47
981,9,2,2022-10-08,14.98
982,4,4,2022-10-08,29.96
983,18,1,2022-10-08,4.09
984,0,3,2022-10-08,12.87
985,1,4,2022-10-08,19.96
986,15,3,2022-10-08,5.67
987,20,4,2022-10-08,8.6
988,8,4,2022-10-08,29.96
989,18,1,2022-10-08,4.09
990,16,2,2022-10-08,2.9
990,16,4,2022-10-08,5.8
991,2,1,2022-10-08,4.65
992,0,1,2022-10-08,4.29
993,17,4,2022-10-08,7.96
994,8,3,2022-10-08,22.47
995,9,2,2022-10-08,14.98
996,14,2,2022-10-08,4.58
997,14,3,2022-10-08,6.87
998,17,1,2022-10-08,1.99
999,19,3,2022-10-08,11.85
1000,14,1,2022-10-08,2.29
1000,14,1,2022-10-08,2.29
1000,14,2,2022-10-08,4.58
1001,14,1,2022-10-08,2.29
1002,18,4,2022-10-08,16.36
1003,15,1,2022-10-08,1.89
1004,6,2,2022-10-08,14.98
1005,2,1,2022-10-08,4.65
1006,20,1,2022-10-08,2.15
1007,9,4,2022-10-08,29.96
1008,18,4,2022-10-08,16.36
1009,9,1,2022-10-08,7.49
1010,6,1,2022-10-08,7.49
1010,6,3,2022-10-08,22.47
1011,13,2,2022-10-08,18.38
1012,19,4,2022-10-08,15.8
1013,8,1,2022-10-08,7.49
1014,15,1,2022-10-08,1.89
1015,20,4,2022-10-08,8.6
1016,0,3,2022-10-08,12.87
1017,10,3,2022-10-08,21.87
1018,20,4,2022-10-08,8.6
1019,17,4,2022-10-08,7.96
1020,8,1,2022-10-08,7.49
1020,8,1,2022-10-08,7.49
1020,8,4,2022-10-08,29.96
1021,16,4,2022-10-08,5.8
1022,14,2,2022-10-08,4.58
1023,16,2,2022-10-08,2.9
1024,3,3,2022-10-08,16.08
1025,12,3,2022-10-08,27.57
1026,15,3,2022-10-08,5.67
1027,6,4,2022-10-08,29.96
1028,7,4,2022-10-08,25.04
1029,17,4,2022-10-08,7.96
1030,5,4,2022-10-08,17.56
1031,7,1,2022-10-08,6.26
1032,17,1,2022-10-08,1.99
1033,2,4,2022-10-08,18.6
1034,14,2,2022-10-08,4.58
1035,16,3,2022-10-08,4.35
1036,11,1,2022-10-08,9.19
1037,10,3,2022-10-08,21.87
1038,7,2,2022-10-08,12.52
1039,3,3,2022-10-08,16.08
1040,13,1,2022-10-08,9.19
1041,11,2,2022-10-08,18.38
1042,12,2,2022-10-08,18.38
1043,8,2,2022-10-08,14.98
1044,2,4,2022-10-08,18.6
1045,16,1,2022-10-08,1.45
1046,2,3,2022-10-08,13.95
1047,19,3,2022-10-08,11.85
1048,16,2,2022-10-08,2.9
1049,19,2,2022-10-08,7.9
1050,4,2,2022-10-08,14.98
1051,4,4,2022-10-08,29.96
1052,20,1,2022-10-08,2.15
1053,12,2,2022-10-08,18.38
1054,14,2,2022-10-08,4.58
1055,9,3,2022-10-08,22.47
1056,14,4,2022-10-08,9.16
1057,0,4,2022-10-08,17.16
1058,4,3,2022-10-08,22.47
1059,7,4,2022-10-08,25.04
1060,8,1,2022-10-08,7.49
1061,12,2,2022-10-08,18.38
1062,20,3,2022-10-09,6.45
1063,1,2,2022-10-09,9.98
1064,11,1,2022-10-09,9.19
1065,15,1,2022-10-09,1.89
1066,12,1,2022-10-09,9.19
1067,20,1,2022-10-09,2.15
1068,15,1,2022-10-09,1.89
1069,3,1,2022-10-09,5.36
1070,1,1,2022-10-09,4.99
1070,1,2,2022-10-09,9.98
1071,11,4,2022-10-09,36.76
1072,4,1,2022-10-09,7.49
1073,13,3,2022-10-09,27.57
1074,10,3,2022-10-09,21.87
1075,19,3,2022-10-09,11.85
1076,0,3,2022-10-09,12.87
1077,18,1,2022-10-09,4.09
1078,7,3,2022-10-09,18.78
1079,11,2,2022-10-09,18.38
1080,5,1,2022-10-09,4.39
1080,5,3,2022-10-09,13.17
1080,5,4,2022-10-09,17.56
1081,18,3,2022-10-09,12.27
1082,0,2,2022-10-09,8.58
1083,0,2,2022-10-09,8.58
1084,10,3,2022-10-09,21.87
1085,2,4,2022-10-09,18.6
1086,13,1,2022-10-09,9.19
1087,20,1,2022-10-09,2.15
1088,9,2,2022-10-09,14.98
1089,2,1,2022-10-09,4.65
1090,19,1,2022-10-09,3.95
1090,19,1,2022-10-09,3.95
1091,14,3,2022-10-09,6.87
1092,4,2,2022-10-09,14.98
1093,3,1,2022-10-09,5.36
1094,13,3,2022-10-09,27.57
1095,4,2,2022-10-09,14.98
1096,18,3,2022-10-09,12.27
1097,13,2,2022-10-09,18.38
1098,15,3,2022-10-09,5.67
1099,5,2,2022-10-09,8.78
1100,2,4,2022-10-09,18.6
1100,2,3,2022-10-09,13.95
1100,2,1,2022-10-09,4.65
1101,14,2,2022-10-09,4.58
1102,15,1,2022-10-09,1.89
1103,11,4,2022-10-09,36.76
1104,8,3,2022-10-09,22.47
1105,5,2,2022-10-09,8.78
1106,6,4,2022-10-09,29.96
1107,5,4,2022-10-09,17.56
1108,15,4,2022-10-09,7.56
1109,6,3,2022-10-09,22.47
1110,1,4,2022-10-09,19.96
1110,1,4,2022-10-09,19.96
1111,20,2,2022-10-09,4.3
1112,9,4,2022-10-09,29.96
1113,19,4,2022-10-09,15.8
1114,6,4,2022-10-09,29.96
1115,13,1,2022-10-09,9.19
1116,0,3,2022-10-09,12.87
1117,9,3,2022-10-09,22.47
1118,7,2,2022-10-09,12.52
1119,5,1,2022-10-09,4.39
1120,15,3,2022-10-09,5.67
1120,15,3,2022-10-09,5.67
1120,15,1,2022-10-09,1.89
1121,12,4,2022-10-09,36.76
1122,1,3,2022-10-09,14.97
1123,13,3,2022-10-09,27.57
1124,12,3,2022-10-09,27.57
1125,17,3,2022-10-09,5.97
1126,5,4,2022-10-09,17.56
1127,15,1,2022-10-09,1.89
1128,9,3,2022-10-09,22.47
1129,9,1,2022-10-09,7.49
1130,13,2,2022-10-09,18.38
1130,13,2,2022-10-09,18.38
1131,19,2,2022-10-09,7.9
1132,7,2,2022-10-09,12.52
1133,6,2,2022-10-09,14.98
1134,15,2,2022-10-09,3.78
1135,18,4,2022-10-09,16.36
1136,9,3,2022-10-09,22.47
1137,2,3,2022-10-09,13.95
1138,17,1,2022-10-09,1.99
1139,14,3,2022-10-09,6.87
1140,3,1,2022-10-09,5.36
1140,3,3,2022-10-09,16.08
1140,3,4,2022-10-09,21.44
1141,18,3,2022-10-09,12.27
1142,11,4,2022-10-09,36.76
1143,15,2,2022-10-09,3.78
1144,1,2,2022-10-09,9.98
1145,15,2,2022-10-09,3.78
1146,5,3,2022-10-09,13.17
1147,3,1,2022-10-09,5.36
1148,2,4,2022-10-09,18.6
1149,7,1,2022-10-09,6.26
1150,15,1,2022-10-09,1.89
1150,15,1,2022-10-09,1.89
1151,16,3,2022-10-09,4.35
1152,16,3,2022-10-09,4.35
1153,15,1,2022-10-09,1.89
1154,19,4,2022-10-09,15.8
1155,2,4,2022-10-09,18.6
1156,15,3,2022-10-09,5.67
1157,19,3,2022-10-09,11.85
1158,11,1,2022-10-09,9.19
1159,3,4,2022-10-09,21.44
1160,6,2,2022-10-09,14.98
1160,6,4,2022-10-09,29.96
1160,6,3,2022-10-09,22.47
1161,8,1,2022-10-09,7.49
1162,6,4,2022-10-09,29.96
1163,5,3,2022-10-09,13.17
1164,7,2,2022-10-09,12.52
1165,2,3,2022-10-09,13.95
1166,8,1,2022-10-09,7.49
1167,6,3,2022-10-09,22.47
1168,8,2,2022-10-09,14.98
1169,6,4,2022-10-09,29.96
1170,7,1,2022-10-09,6.26
1170,7,2,2022-10-09,12.52
1171,14,1,2022-10-09,2.29
1172,9,4,2022-10-09,29.96
1173,11,4,2022-10-09,36.76
1174,13,3,2022-10-09,27.57
1175,12,3,2022-10-09,27.57
1176,4,4,2022-10-09,29.96
1177,0,2,2022-10-09,8.58
1178,11,2,2022-10-09,18.38
1179,1,4,2022-10-09,19.96
1180,1,4,2022-10-09,19.96
1180,1,3,2022-10-09,14.97
1180,1,2,2022-10-09,9.98
1181,20,4,2022-10-09,8.6
1182,10,1,2022-10-09,7.29
1183,17,4,2022-10-09,7.96
1184,2,1,2022-10-09,4.65
1185,11,2,2022-10-09,18.38
1186,4,3,2022-10-09,22.47
1187,5,2,2022-10-09,8.78
1188,19,2,2022-10-09,7.9
1189,7,1,2022-10-09,6.26
1190,6,1,2022-10-09,7.49
1190,6,2,2022-10-09,14.98
1191,2,3,2022-10-09,13.95
1192,2,4,2022-10-09,18.6
1193,20,1,2022-10-09,2.15
1194,15,4,2022-10-09,7.56
1195,14,1,2022-10-09,2.29
1196,5,2,2022-10-09,8.78
1197,8,3,2022-10-09,22.47
1198,4,2,2022-10-09,14.98
1199,10,2,2022-10-09,14.58
1200,2,4,2022-10-09,18.6
1200,2,2,2022-10-09,9.3
1200,2,2,2022-10-09,9.3
1201,15,4,2022-10-10,7.56
1202,1,4,2022-10-10,19.96
1203,2,3,2022-10-10,13.95
1204,14,1,2022-10-10,2.29
1205,16,1,2022-10-10,1.45
1206,4,2,2022-10-10,14.98
1207,17,1,2022-10-10,1.99
1208,19,3,2022-10-10,11.85
1209,9,4,2022-10-10,29.96
1210,17,4,2022-10-10,7.96
1210,17,4,2022-10-10,7.96
1211,5,4,2022-10-10,17.56
1212,20,2,2022-10-10,4.3
1213,16,1,2022-10-10,1.45
1214,1,3,2022-10-10,14.97
1215,6,3,2022-10-10,22.47
1216,4,2,2022-10-10,14.98
1217,4,1,2022-10-10,7.49
1218,15,1,2022-10-10,1.89
1219,0,3,2022-10-10,12.87
1220,16,4,2022-10-10,5.8
1220,16,4,2022-10-10,5.8
1220,16,2,2022-10-10,2.9
1221,17,3,2022-10-10,5.97
1222,3,4,2022-10-10,21.44
1223,20,4,2022-10-10,8.6
1224,10,4,2022-10-10,29.16
1225,18,1,2022-10-10,4.09
1226,5,3,2022-10-10,13.17
1227,1,1,2022-10-10,4.99
1228,10,2,2022-10-10,14.58
1229,18,4,2022-10-10,16.36
1230,2,4,2022-10-10,18.6
1230,2,2,2022-10-10,9.3
1231,13,1,2022-10-10,9.19
1232,18,4,2022-10-10,16.36
1233,7,2,2022-10-10,12.52
1234,3,1,2022-10-10,5.36
1235,11,1,2022-10-10,9.19
1236,14,3,2022-10-10,6.87
1237,14,4,2022-10-10,9.16
1238,16,3,2022-10-10,4.35
1239,1,4,2022-10-10,19.96
1240,16,4,2022-10-10,5.8
1240,16,3,2022-10-10,4.35
1240,16,2,2022-10-10,2.9
1241,16,3,2022-10-10,4.35
1242,12,3,2022-10-10,27.57
1243,5,4,2022-10-10,17.56
1244,1,3,2022-10-10,14.97
1245,11,1,2022-10-10,9.19
1246,6,4,2022-10-10,29.96
1247,19,2,2022-10-10,7.9
1248,18,3,2022-10-10,12.27
1249,12,3,2022-10-10,27.57
1250,2,4,2022-10-10,18.6
1250,2,2,2022-10-10,9.3
1251,10,4,2022-10-10,29.16
1252,5,4,2022-10-10,17.56
1253,9,2,2022-10-10,14.98
1254,3,1,2022-10-10,5.36
1255,10,3,2022-10-10,21.87
1256,17,2,2022-10-10,3.98
1257,9,2,2022-10-10,14.98
1258,20,3,2022-10-10,6.45
1259,2,4,2022-10-10,18.6
1260,13,3,2022-10-10,27.57
1260,13,3,2022-10-10,27.57
1260,13,4,2022-10-10,36.76
1261,8,3,2022-10-10,22.47
1262,10,2,2022-10-10,14.58
1263,1,4,2022-10-10,19.96
1264,13,4,2022-10-10,36.76
1265,3,4,2022-10-10,21.44
1266,12,4,2022-10-10,36.76
1267,12,3,2022-10-10,27.57
1268,5,2,2022-10-10,8.78
1269,12,4,2022-10-10,36.76
1270,15,2,2022-10-10,3.78
1270,15,4,2022-10-10,7.56
1271,8,4,2022-10-10,29.96
1272,19,3,2022-10-10,11.85
1273,0,4,2022-10-10,17.16
1274,16,2,2022-10-10,2.9
1275,8,3,2022-10-10,22.47
1276,0,1,2022-10-10,4.29
1277,15,2,2022-10-10,3.78
1278,8,4,2022-10-10,29.96
1279,9,2,2022-10-10,14.98
1280,15,4,2022-10-10,7.56
1280,15,3,2022-10-10,5.67
1280,15,2,2022-10-10,3.78
1281,20,1,2022-10-10,2.15
1282,13,1,2022-10-10,9.19
1283,3,4,2022-10-10,21.44
1284,10,3,2022-10-10,21.87
1285,14,4,2022-10-10,9.16
1286,5,2,2022-10-10,8.78
1287,7,3,2022-10-10,18.78
1288,13,4,2022-10-10,36.76
1289,18,4,2022-10-10,16.36
1290,4,1,2022-10-10,7.49
1290,4,3,2022-10-10,22.47
1291,8,1,2022-10-10,7.49
1292,15,4,2022-10-10,7.56
1293,11,1,2022-10-10,9.19
1294,2,2,2022-10-10,9.3
1295,15,3,2022-10-10,5.67
1296,14,3,2022-10-10,6.87
1297,20,4,2022-10-10,8.6
1298,1,2,2022-10-10,9.98
1299,2,3,2022-10-10,13.95
1300,16,4,2022-10-10,5.8
1300,16,2,2022-10-10,2.9
1300,16,3,2022-10-10,4.35
1301,6,3,2022-10-10,22.47
1302,18,3,2022-10-10,12.27
1303,13,2,2022-10-10,18.38
1304,10,2,2022-10-10,14.58
1305,7,2,2022-10-10,12.52
1306,16,1,2022-10-10,1.45
1307,15,4,2022-10-10,7.56
1308,7,3,2022-10-10,18.78
1309,17,1,2022-10-10,1.99
1310,0,2,2022-10-10,8.58
1310,0,2,2022-10-10,8.58
1311,15,3,2022-10-10,5.67
1312,17,4,2022-10-10,7.96
1313,13,2,2022-10-10,18.38
1314,1,2,2022-10-10,9.98
1315,1,4,2022-10-10,19.96
1316,12,2,2022-10-10,18.38
1317,17,4,2022-10-10,7.96
1318,13,3,2022-10-10,27.57
1319,9,3,2022-10-10,22.47
1320,19,4,2022-10-10,15.8
1320,19,2,2022-10-10,7.9
1320,19,3,2022-10-10,11.85
1321,0,3,2022-10-10,12.87
1322,18,1,2022-10-10,4.09
1323,19,1,2022-10-10,3.95
1324,1,4,2022-10-10,19.96
1325,18,3,2022-10-10,12.27
1326,5,2,2022-10-10,8.78
1327,14,1,2022-10-10,2.29
1328,17,4,2022-10-10,7.96
1329,0,1,2022-10-10,4.29
1330,20,3,2022-10-10,6.45
1330,20,2,2022-10-10,4.3
1331,3,4,2022-10-10,21.44
1332,12,1,2022-10-10,9.19
1333,5,1,2022-10-10,4.39
1334,17,1,2022-10-10,1.99
1335,8,1,2022-10-10,7.49
1336,9,1,2022-10-10,7.49
1337,15,2,2022-10-10,3.78
1338,14,3,2022-10-10,6.87
1339,13,1,2022-10-10,9.19
1340,18,4,2022-10-10,16.36
1340,18,3,2022-10-10,12.27
1340,18,1,2022-10-10,4.09
1341,20,4,2022-10-10,8.6
1342,4,3,2022-10-10,22.47
1343,8,1,2022-10-10,7.49
1344,1,2,2022-10-10,9.98
1345,5,1,2022-10-10,4.39
1346,1,3,2022-10-10,14.97
1347,10,3,2022-10-10,21.87
1348,17,1,2022-10-10,1.99
1349,10,2,2022-10-10,14.58
1350,9,2,2022-10-11,14.98
1350,9,1,2022-10-11,7.49
1351,5,1,2022-10-11,4.39
1352,12,4,2022-10-11,36.76
1353,6,4,2022-10-11,29.96
1354,12,2,2022-10-11,18.38
1355,7,1,2022-10-11,6.26
1356,5,2,2022-10-11,8.78
1357,13,3,2022-10-11,27.57
1358,2,1,2022-10-11,4.65
1359,7,3,2022-10-11,18.78
1360,6,4,2022-10-11,29.96
1360,6,4,2022-10-11,29.96
1360,6,3,2022-10-11,22.47
1361,8,3,2022-10-11,22.47
1362,13,1,2022-10-11,9.19
1363,0,1,2022-10-11,4.29
1364,3,4,2022-10-11,21.44
1365,12,2,2022-10-11,18.38
1366,7,1,2022-10-11,6.26
1367,20,4,2022-10-11,8.6
1368,15,3,2022-10-11,5.67
1369,15,3,2022-10-11,5.67
1370,8,1,2022-10-11,7.49
1370,8,1,2022-10-11,7.49
1371,14,3,2022-10-11,6.87
1372,0,4,2022-10-11,17.16
1373,8,1,2022-10-11,7.49
1374,18,4,2022-10-11,16.36
1375,8,4,2022-10-11,29.96
1376,5,3,2022-10-11,13.17
1377,17,4,2022-10-11,7.96
1378,20,2,2022-10-11,4.3
1379,7,2,2022-10-11,12.52
1380,0,3,2022-10-11,12.87
1380,0,1,2022-10-11,4.29
1380,0,3,2022-10-11,12.87
1381,16,4,2022-10-11,5.8
1382,16,2,2022-10-11,2.9
1383,6,3,2022-10-11,22.47
1384,14,4,2022-10-11,9.16
1385,3,3,2022-10-11,16.08
1386,13,2,2022-10-11,18.38
1387,13,1,2022-10-11,9.19
1388,3,2,2022-10-11,10.72
1389,12,3,2022-10-11,27.57
1390,13,3,2022-10-11,27.57
1390,13,4,2022-10-11,36.76
1391,3,2,2022-10-11,10.72
1392,18,4,2022-10-11,16.36
1393,13,3,2022-10-11,27.57
1394,0,3,2022-10-11,12.87
1395,5,3,2022-10-11,13.17
1396,8,4,2022-10-11,29.96
1397,5,1,2022-10-11,4.39
1398,18,2,2022-10-11,8.18
1399,10,1,2022-10-11,7.29
1400,15,1,2022-10-11,1.89
1400,15,4,2022-10-11,7.56
1400,15,2,2022-10-11,3.78
1401,6,2,2022-10-11,14.98
1402,2,3,2022-10-11,13.95
1403,6,4,2022-10-11,29.96
1404,19,4,2022-10-11,15.8
1405,8,1,2022-10-11,7.49
1406,12,1,2022-10-11,9.19
1407,2,3,2022-10-11,13.95
1408,19,4,2022-10-11,15.8
1409,15,3,2022-10-11,5.67
1410,6,4,2022-10-11,29.96
1410,6,4,2022-10-11,29.96
1411,12,3,2022-10-11,27.57
1412,7,4,2022-10-11,25.04
1413,9,3,2022-10-11,22.47
1414,2,2,2022-10-11,9.3
1415,4,4,2022-10-11,29.96
1416,9,4,2022-10-11,29.96
1417,13,2,2022-10-11,18.38
1418,16,4,2022-10-11,5.8
1419,20,2,2022-10-11,4.3
1420,20,4,2022-10-11,8.6
1420,20,3,2022-10-11,6.45
1420,20,4,2022-10-11,8.6
1421,5,2,2022-10-11,8.78
1422,1,2,2022-10-11,9.98
1423,12,1,2022-10-11,9.19
1424,9,2,2022-10-11,14.98
1425,13,2,2022-10-11,18.38
1426,20,3,2022-10-11,6.45
1427,18,3,2022-10-11,12.27
1428,12,1,2022-10-11,9.19
1429,1,2,2022-10-11,9.98
1430,9,1,2022-10-11,7.49
1430,9,1,2022-10-11,7.49
1431,3,2,2022-10-11,10.72
1432,6,1,2022-10-11,7.49
1433,20,3,2022-10-11,6.45
1434,17,1,2022-10-11,1.99
1435,8,3,2022-10-11,22.47
1436,6,4,2022-10-11,29.96
1437,18,4,2022-10-11,16.36
1438,0,1,2022-10-11,4.29
1439,9,3,2022-10-11,22.47
1440,17,1,2022-10-11,1.99
1440,17,2,2022-10-11,3.98
1440,17,3,2022-10-11,5.97
1441,18,2,2022-10-11,8.18
1442,9,2,2022-10-11,14.98
1443,1,3,2022-10-11,14.97
1444,2,1,2022-10-11,4.65
1445,20,4,2022-10-11,8.6
1446,3,3,2022-10-11,16.08
1447,10,2,2022-10-11,14.58
1448,18,4,2022-10-11,16.36
1449,15,3,2022-10-11,5.67
1450,16,1,2022-10-11,1.45
1450,16,4,2022-10-11,5.8
1451,18,3,2022-10-11,12.27
1452,0,1,2022-10-11,4.29
1453,20,1,2022-10-11,2.15
1454,13,1,2022-10-11,9.19
1455,2,1,2022-10-11,4.65
1456,18,3,2022-10-11,12.27
1457,9,3,2022-10-11,22.47
1458,18,4,2022-10-11,16.36
1459,13,1,2022-10-11,9.19
1460,17,2,2022-10-11,3.98
1460,17,3,2022-10-11,5.97
1460,17,1,2022-10-11,1.99
1461,5,4,2022-10-11,17.56
1462,8,3,2022-10-11,22.47
1463,6,2,2022-10-11,14.98
1464,12,3,2022-10-11,27.57
1465,19,1,2022-10-11,3.95
1466,18,2,2022-10-11,8.18
1467,20,3,2022-10-11,6.45
1468,0,3,2022-10-11,12.87
1469,12,3,2022-10-11,27.57
1470,10,4,2022-10-11,29.16
1470,10,2,2022-10-11,14.58
1471,11,1,2022-10-11,9.19
1472,7,3,2022-10-11,18.78
1473,7,4,2022-10-11,25.04
1474,13,3,2022-10-11,27.57
1475,13,3,2022-10-11,27.57
1476,10,3,2022-10-11,21.87
1477,19,1,2022-10-11,3.95
1478,15,3,2022-10-11,5.67
1479,6,4,2022-10-11,29.96
1480,19,2,2022-10-11,7.9
1480,19,4,2022-10-11,15.8
1480,19,4,2022-10-11,15.8
1481,14,3,2022-10-11,6.87
1482,14,2,2022-10-11,4.58
1483,15,1,2022-10-11,1.89
1484,13,1,2022-10-11,9.19
1485,16,1,2022-10-11,1.45
1486,15,1,2022-10-11,1.89
1487,13,2,2022-10-11,18.38
1488,0,1,2022-10-11,4.29
1489,2,1,2022-10-12,4.65
1490,13,1,2022-10-12,9.19
1490,13,4,2022-10-12,36.76
1491,12,2,2022-10-12,18.38
1492,20,1,2022-10-12,2.15
1493,0,3,2022-10-12,12.87
1494,6,1,2022-10-12,7.49
1495,7,4,2022-10-12,25.04
1496,4,2,2022-10-12,14.98
1497,5,1,2022-10-12,4.39
1498,7,1,2022-10-12,6.26
1499,14,4,2022-10-12,9.16
1500,16,4,2022-10-12,5.8
1500,16,2,2022-10-12,2.9
1500,16,2,2022-10-12,2.9
1501,2,1,2022-10-12,4.65
1502,9,2,2022-10-12,14.98
1503,7,4,2022-10-12,25.04
1504,5,1,2022-10-12,4.39
1505,20,4,2022-10-12,8.6
1506,0,3,2022-10-12,12.87
1507,3,2,2022-10-12,10.72
1508,10,3,2022-10-12,21.87
1509,10,3,2022-10-12,21.87
1510,3,1,2022-10-12,5.36
1510,3,1,2022-10-12,5.36
1511,5,1,2022-10-12,4.39
1512,19,4,2022-10-12,15.8
1513,6,2,2022-10-12,14.98
1514,17,4,2022-10-12,7.96
1515,0,4,2022-10-12,17.16
1516,2,2,2022-10-12,9.3
1517,3,4,2022-10-12,21.44
1518,17,1,2022-10-12,1.99
1519,13,2,2022-10-12,18.38
1520,10,1,2022-10-12,7.29
1520,10,2,2022-10-12,14.58
1520,10,3,2022-10-12,21.87
1521,20,2,2022-10-12,4.3
1522,19,4,2022-10-12,15.8
1523,1,3,2022-10-12,14.97
1524,9,2,2022-10-12,14.98
1525,20,2,2022-10-12,4.3
1526,1,4,2022-10-12,19.96
1527,20,1,2022-10-12,2.15
1528,9,3,2022-10-12,22.47
1529,9,3,2022-10-12,22.47
1530,11,2,2022-10-12,18.38
1530,11,3,2022-10-12,27.57
1531,13,3,2022-10-12,27.57
1532,12,4,2022-10-12,36.76
1533,8,3,2022-10-12,22.47
1534,12,3,2022-10-12,27.57
1535,17,4,2022-10-12,7.96
1536,2,1,2022-10-12,4.65
1537,12,2,2022-10-12,18.38
1538,16,4,2022-10-12,5.8
1539,17,4,2022-10-12,7.96
1540,14,1,2022-10-12,2.29
1540,14,4,2022-10-12,9.16
1540,14,2,2022-10-12,4.58
1541,13,1,2022-10-12,9.19
1542,5,3,2022-10-12,13.17
1543,14,4,2022-10-12,9.16
1544,13,2,2022-10-12,18.38
1545,7,2,2022-10-12,12.52
1546,8,2,2022-10-12,14.98
1547,8,3,2022-10-12,22.47
1548,14,1,2022-10-12,2.29
1549,13,4,2022-10-12,36.76
1550,15,3,2022-10-12,5.67
1550,15,4,2022-10-12,7.56
1551,1,4,2022-10-12,19.96
1552,1,1,2022-10-12,4.99
1553,13,2,2022-10-12,18.38
1554,5,1,2022-10-12,4.39
1555,6,3,2022-10-12,22.47
1556,19,1,2022-10-12,3.95
1557,9,3,2022-10-12,22.47
1558,9,4,2022-10-12,29.96
1559,2,3,2022-10-12,13.95
1560,17,3,2022-10-12,5.97
1560,17,3,2022-10-12,5.97
1560,17,2,2022-10-12,3.98
1561,0,1,2022-10-12,4.29
1562,20,3,2022-10-12,6.45
1563,14,1,2022-10-12,2.29
1564,9,4,2022-10-12,29.96
1565,19,4,2022-10-12,15.8
1566,6,4,2022-10-12,29.96
1567,16,4,2022-10-12,5.8
1568,9,1,2022-10-12,7.49
1569,13,2,2022-10-12,18.38
1570,10,4,2022-10-12,29.16
1570,10,1,2022-10-12,7.29
1571,2,3,2022-10-12,13.95
1572,10,3,2022-10-12,21.87
1573,7,4,2022-10-12,25.04
1574,19,4,2022-10-12,15.8
1575,2,2,2022-10-12,9.3
1576,12,4,2022-10-12,36.76
1577,6,1,2022-10-12,7.49
1578,13,2,2022-10-12,18.38
1579,8,3,2022-10-12,22.47
1580,16,1,2022-10-12,1.45
1580,16,4,2022-10-12,5.8
1580,16,2,2022-10-12,2.9
1581,16,1,2022-10-12,1.45
1582,11,2,2022-10-12,18.38
1583,11,3,2022-10-12,27.57
1584,8,3,2022-10-12,22.47
1585,19,2,2022-10-12,7.9
1586,14,4,2022-10-12,9.16
1587,18,3,2022-10-12,12.27
1588,15,3,2022-10-12,5.67
1589,14,3,2022-10-12,6.87
1590,17,4,2022-10-12,7.96
1590,17,2,2022-10-12,3.98
1591,18,2,2022-10-12,8.18
1592,11,3,2022-10-12,27.57
1593,4,4,2022-10-12,29.96
1594,8,1,2022-10-12,7.49
1595,17,3,2022-10-12,5.97
1596,9,2,2022-10-12,14.98
1597,5,4,2022-10-12,17.56
1598,20,2,2022-10-12,4.3
1599,9,1,2022-10-12,7.49
1600,12,3,2022-10-12,27.57
1600,12,2,2022-10-12,18.38
1600,12,1,2022-10-12,9.19
1601,5,2,2022-10-12,8.78
1602,8,2,2022-10-12,14.98
1603,13,2,2022-10-12,18.38
1604,17,1,2022-10-12,1.99
1605,15,3,2022-10-12,5.67
1606,9,2,2022-10-12,14.98
1607,16,1,2022-10-12,1.45
1608,6,1,2022-10-12,7.49
1609,16,2,2022-10-12,2.9
1610,19,3,2022-10-12,11.85
1610,19,4,2022-10-12,15.8
1611,7,2,2022-10-12,12.52
1612,4,4,2022-10-12,29.96
1613,18,4,2022-10-12,16.36
1614,5,2,2022-10-12,8.78
1615,16,3,2022-10-12,4.35
1616,14,4,2022-10-12,9.16
1617,1,2,2022-10-12,9.98
1618,1,4,2022-10-12,19.96
1619,16,1,2022-10-12,1.45
1620,13,3,2022-10-12,27.57
1620,13,3,2022-10-12,27.57
1620,13,4,2022-10-12,36.76
1621,13,1,2022-10-12,9.19
1622,13,2,2022-10-12,18.38
1623,19,4,2022-10-12,15.8
1624,19,3,2022-10-12,11.85
1625,9,2,2022-10-12,14.98
1626,4,2,2022-10-12,14.98
1627,2,2,2022-10-12,9.3
1628,19,1,2022-10-13,3.95
1629,20,3,2022-10-13,6.45
1630,3,4,2022-10-13,21.44
1630,3,1,2022-10-13,5.36
1631,3,4,2022-10-13,21.44
1632,8,1,2022-10-13,7.49
1633,17,4,2022-10-13,7.96
1634,13,2,2022-10-13,18.38
1635,9,2,2022-10-13,14.98
1636,4,3,2022-10-13,22.47
1637,14,3,2022-10-13,6.87
1638,15,2,2022-10-13,3.78
1639,10,3,2022-10-13,21.87
1640,15,3,2022-10-13,5.67
1640,15,4,2022-10-13,7.56
1640,15,4,2022-10-13,7.56
1641,16,3,2022-10-13,4.35
1642,17,2,2022-10-13,3.98
1643,13,1,2022-10-13,9.19
1644,15,3,2022-10-13,5.67
1645,6,1,2022-10-13,7.49
1646,20,2,2022-10-13,4.3
1647,2,4,2022-10-13,18.6
1648,15,4,2022-10-13,7.56
1649,17,1,2022-10-13,1.99
1650,20,1,2022-10-13,2.15
1650,20,3,2022-10-13,6.45
1651,6,1,2022-10-13,7.49
1652,2,3,2022-10-13,13.95
1653,12,2,2022-10-13,18.38
1654,14,3,2022-10-13,6.87
1655,4,1,2022-10-13,7.49
1656,4,4,2022-10-13,29.96
1657,17,3,2022-10-13,5.97
1658,1,3,2022-10-13,14.97
1659,11,4,2022-10-13,36.76
1660,12,3,2022-10-13,27.57
1660,12,1,2022-10-13,9.19
1660,12,4,2022-10-13,36.76
1661,8,1,2022-10-13,7.49
1662,19,3,2022-10-13,11.85
1663,13,4,2022-10-13,36.76
1664,14,4,2022-10-13,9.16
1665,6,3,2022-10-13,22.47
1666,20,3,2022-10-13,6.45
1667,0,4,2022-10-13,17.16
1668,12,1,2022-10-13,9.19
1669,14,4,2022-10-13,9.16
1670,2,4,2022-10-13,18.6
1670,2,3,2022-10-13,13.95
1671,18,1,2022-10-13,4.09
1672,11,3,2022-10-13,27.57
1673,9,2,2022-10-13,14.98
1674,12,4,2022-10-13,36.76
1675,2,3,2022-10-13,13.95
1676,12,3,2022-10-13,27.57
1677,17,1,2022-10-13,1.99
1678,6,1,2022-10-13,7.49
1679,4,2,2022-10-13,14.98
1680,1,2,2022-10-13,9.98
1680,1,1,2022-10-13,4.99
1680,1,1,2022-10-13,4.99
1681,2,4,2022-10-13,18.6
1682,19,2,2022-10-13,7.9
1683,18,2,2022-10-13,8.18
1684,0,3,2022-10-13,12.87
1685,12,2,2022-10-13,18.38
1686,3,3,2022-10-13,16.08
1687,17,3,2022-10-13,5.97
1688,12,3,2022-10-13,27.57
1689,19,4,2022-10-13,15.8
1690,5,1,2022-10-13,4.39
1690,5,2,2022-10-13,8.78
1691,20,1,2022-10-13,2.15
1692,5,1,2022-10-13,4.39
1693,11,2,2022-10-13,18.38
1694,9,1,2022-10-13,7.49
1695,16,4,2022-10-13,5.8
1696,8,3,2022-10-13,22.47
1697,10,1,2022-10-13,7.29
1698,7,1,2022-10-13,6.26
1699,15,2,2022-10-13,3.78
1700,15,4,2022-10-13,7.56
1700,15,2,2022-10-13,3.78
1700,15,4,2022-10-13,7.56
1701,18,4,2022-10-13,16.36
1702,16,2,2022-10-13,2.9
1703,3,1,2022-10-13,5.36
1704,9,1,2022-10-13,7.49
1705,7,2,2022-10-13,12.52
1706,20,1,2022-10-13,2.15
1707,9,3,2022-10-13,22.47
1708,18,1,2022-10-13,4.09
1709,18,3,2022-10-13,12.27
1710,14,1,2022-10-13,2.29
1710,14,3,2022-10-13,6.87
1711,4,3,2022-10-13,22.47
1712,5,1,2022-10-13,4.39
1713,19,1,2022-10-13,3.95
1714,3,1,2022-10-13,5.36
1715,12,2,2022-10-13,18.38
1716,1,3,2022-10-13,14.97
1717,18,2,2022-10-13,8.18
1718,3,1,2022-10-13,5.36
1719,17,3,2022-10-13,5.97
1720,7,1,2022-10-13,6.26
1720,7,3,2022-10-13,18.78
1720,7,4,2022-10-13,25.04
1721,5,2,2022-10-13,8.78
1722,10,2,2022-10-13,14.58
1723,1,1,2022-10-13,4.99
1724,8,2,2022-10-13,14.98
1725,12,4,2022-10-13,36.76
1726,0,1,2022-10-13,4.29
1727,9,1,2022-10-13,7.49
1728,11,1,2022-10-13,9.19
1729,6,4,2022-10-13,29.96
1730,6,3,2022-10-13,22.47
1730,6,3,2022-10-13,22.47
1731,17,3,2022-10-13,5.97
1732,16,1,2022-10-13,1.45
1733,19,4,2022-10-13,15.8
1734,18,3,2022-10-13,12.27
1735,4,2,2022-10-13,14.98
1736,19,3,2022-10-13,11.85
1737,18,3,2022-10-13,12.27
1738,0,1,2022-10-13,4.29
1739,15,4,2022-10-13,7.56
1740,2,4,2022-10-13,18.6
1740,2,2,2022-10-13,9.3
1740,2,4,2022-10-13,18.6
1741,1,3,2022-10-13,14.97
1742,19,3,2022-10-13,11.85
1743,14,4,2022-10-13,9.16
1744,5,1,2022-10-13,4.39
1745,6,4,2022-10-13,29.96
1746,4,2,2022-10-13,14.98
1747,19,4,2022-10-13,15.8
1748,6,4,2022-10-13,29.96
1749,17,1,2022-10-13,1.99
1750,14,4,2022-10-13,9.16
1750,14,2,2022-10-13,4.58
1751,20,1,2022-10-13,2.15
1752,19,3,2022-10-13,11.85
1753,8,2,2022-10-13,14.98
1754,4,2,2022-10-13,14.98
1755,5,1,2022-10-13,4.39
1756,2,2,2022-10-13,9.3
1757,14,3,2022-10-13,6.87
1758,8,4,2022-10-13,29.96
1759,5,1,2022-10-13,4.39
1760,9,3,2022-10-13,22.47
1760,9,1,2022-10-13,7.49
1760,9,4,2022-10-13,29.96
1761,18,3,2022-10-13,12.27
1762,20,4,2022-10-13,8.6
1763,0,3,2022-10-13,12.87
1764,16,2,2022-10-13,2.9
1765,15,3,2022-10-13,5.67
1766,7,3,2022-10-13,18.78
1767,7,2,2022-10-13,12.52
1768,2,1,2022-10-13,4.65
1769,1,2,2022-10-13,9.98
1770,16,2,2022-10-13,2.9
1770,16,3,2022-10-13,4.35
1771,17,2,2022-10-13,3.98
1772,13,3,2022-10-13,27.57
1773,12,3,2022-10-13,27.57
1774,4,4,2022-10-13,29.96
1775,12,3,2022-10-13,27.57
1776,15,1,2022-10-13,1.89
1777,18,2,2022-10-13,8.18
1778,6,2,2022-10-13,14.98
1779,19,4,2022-10-13,15.8
1780,16,2,2022-10-14,2.9
1780,16,2,2022-10-14,2.9
1780,16,3,2022-10-14,4.35
1781,17,2,2022-10-14,3.98
1782,0,1,2022-10-14,4.29
1783,9,1,2022-10-14,7.49
1784,9,2,2022-10-14,14.98
1785,13,1,2022-10-14,9.19
1786,10,4,2022-10-14,29.16
1787,19,3,2022-10-14,11.85
1788,1,2,2022-10-14,9.98
1789,17,3,2022-10-14,5.97
1790,16,2,2022-10-14,2.9
1790,16,1,2022-10-14,1.45
1791,14,2,2022-10-14,4.58
1792,15,4,2022-10-14,7.56
1793,13,3,2022-10-14,27.57
1794,16,4,2022-10-14,5.8
1795,10,1,2022-10-14,7.29
1796,12,1,2022-10-14,9.19
1797,7,3,2022-10-14,18.78
1798,0,3,2022-10-14,12.87
1799,6,4,2022-10-14,29.96
1800,13,4,2022-10-14,36.76
1800,13,4,2022-10-14,36.76
1800,13,2,2022-10-14,18.38
1801,6,4,2022-10-14,29.96
1802,8,1,2022-10-14,7.49
1803,11,4,2022-10-14,36.76
1804,7,2,2022-10-14,12.52
1805,3,3,2022-10-14,16.08
1806,7,2,2022-10-14,12.52
1807,3,4,2022-10-14,21.44
1808,0,3,2022-10-14,12.87
1809,5,3,2022-10-14,13.17
1810,2,1,2022-10-14,4.65
1810,2,3,2022-10-14,13.95
1811,0,2,2022-10-14,8.58
1812,5,2,2022-10-14,8.78
1813,12,3,2022-10-14,27.57
1814,15,4,2022-10-14,7.56
1815,9,3,2022-10-14,22.47
1816,6,2,2022-10-14,14.98
1817,8,1,2022-10-14,7.49
1818,15,3,2022-10-14,5.67
1819,13,3,2022-10-14,27.57
1820,7,1,2022-10-14,6.26
1820,7,3,2022-10-14,18.78
1820,7,1,2022-10-14,6.26
1821,3,3,2022-10-14,16.08
1822,16,1,2022-10-14,1.45
1823,5,3,2022-10-14,13.17
1824,20,1,2022-10-14,2.15
1825,4,1,2022-10-14,7.49
1826,5,4,2022-10-14,17.56
1827,18,4,2022-10-14,16.36
1828,1,4,2022-10-14,19.96
1829,14,2,2022-10-14,4.58
1830,2,2,2022-10-14,9.3
1830,2,1,2022-10-14,4.65
1831,18,3,2022-10-14,12.27
1832,12,3,2022-10-14,27.57
1833,11,3,2022-10-14,27.57
1834,19,3,2022-10-14,11.85
1835,2,3,2022-10-14,13.95
1836,14,3,2022-10-14,6.87
1837,3,1,2022-10-14,5.36
1838,9,3,2022-10-14,22.47
1839,1,1,2022-10-14,4.99
1840,10,4,2022-10-14,29.16
1840,10,3,2022-10-14,21.87
1840,10,4,2022-10-14,29.16
1841,16,3,2022-10-14,4.35
1842,5,4,2022-10-14,17.56
1843,15,1,2022-10-14,1.89
1844,5,1,2022-10-14,4.39
1845,17,3,2022-10-14,5.97
1846,8,3,2022-10-14,22.47
1847,5,2,2022-10-14,8.78
1848,4,4,2022-10-14,29.96
1849,2,2,2022-10-14,9.3
1850,12,3,2022-10-14,27.57
1850,12,4,2022-10-14,36.76
1851,20,2,2022-10-14,4.3
1852,6,2,2022-10-14,14.98
1853,6,2,2022-10-14,14.98
1854,15,2,2022-10-14,3.78
1855,3,4,2022-10-14,21.44
1856,5,1,2022-10-14,4.39
1857,2,4,2022-10-14,18.6
1858,0,1,2022-10-14,4.29
1859,9,1,2022-10-14,7.49
1860,19,4,2022-10-14,15.8
1860,19,2,2022-10-14,7.9
1860,19,4,2022-10-14,15.8
1861,13,3,2022-10-14,27.57
1862,8,1,2022-10-14,7.49
1863,4,4,2022-10-14,29.96
1864,0,3,2022-10-14,12.87
1865,19,4,2022-10-14,15.8
1866,14,2,2022-10-14,4.58
1867,0,2,2022-10-14,8.58
1868,7,4,2022-10-14,25.04
1869,20,3,2022-10-14,6.45
1870,15,3,2022-10-14,5.67
1870,15,1,2022-10-14,1.89
1871,15,2,2022-10-14,3.78
1872,2,3,2022-10-14,13.95
1873,20,2,2022-10-14,4.3
1874,17,2,2022-10-14,3.98
1875,1,2,2022-10-14,9.98
1876,19,2,2022-10-14,7.9
1877,19,3,2022-10-14,11.85
1878,19,2,2022-10-14,7.9
1879,2,3,2022-10-14,13.95
1880,17,2,2022-10-14,3.98
1880,17,3,2022-10-14,5.97
1880,17,2,2022-10-14,3.98
1881,18,4,2022-10-14,16.36
1882,9,1,2022-10-14,7.49
1883,9,2,2022-10-14,14.98
1884,8,2,2022-10-14,14.98
1885,9,1,2022-10-14,7.49
1886,4,3,2022-10-14,22.47
1887,2,1,2022-10-14,4.65
1888,16,4,2022-10-14,5.8
1889,7,1,2022-10-14,6.26
1890,20,2,2022-10-14,4.3
1890,20,1,2022-10-14,2.15
1891,20,4,2022-10-14,8.6
1892,12,3,2022-10-14,27.57
1893,13,4,2022-10-14,36.76
1894,16,2,2022-10-14,2.9
1895,14,1,2022-10-14,2.29
1896,16,3,2022-10-14,4.35
1897,20,3,2022-10-14,6.45
1898,8,4,2022-10-14,29.96
1899,12,2,2022-10-14,18.38
1900,2,3,2022-10-14,13.95
1900,2,3,2022-10-14,13.95
1900,2,3,2022-10-14,13.95
1901,17,3,2022-10-14,5.97
1902,12,2,2022-10-14,18.38
1903,8,3,2022-10-14,22.47
1904,6,4,2022-10-14,29.96
1905,16,3,2022-10-14,4.35
1906,13,2,2022-10-14,18.38
1907,20,3,2022-10-14,6.45
1908,7,1,2022-10-14,6.26
1909,7,4,2022-10-14,25.04
1910,17,1,2022-10-14,1.99
1910,17,1,2022-10-14,1.99
1911,9,4,2022-10-14,29.96
1912,14,3,2022-10-14,6.87
1913,18,3,2022-10-14,12.27
1914,17,4,2022-10-14,7.96
1915,20,1,2022-10-14,2.15
1916,14,2,2022-10-14,4.58
1917,9,4,2022-10-14,29.96
1918,15,2,2022-10-14,3.78
1919,14,2,2022-10-14,4.58
1920,12,1,2022-10-14,9.19
1920,12,1,2022-10-14,9.19
1920,12,4,2022-10-14,36.76
1921,8,1,2022-10-14,7.49
1922,11,1,2022-10-14,9.19
1923,8,1,2022-10-14,7.49
1924,14,3,2022-10-15,6.87
1925,20,2,2022-10-15,4.3
1926,14,1,2022-10-15,2.29
1927,19,4,2022-10-15,15.8
1928,2,2,2022-10-15,9.3
1929,20,4,2022-10-15,8.6
1930,3,3,2022-10-15,16.08
1930,3,1,2022-10-15,5.36
1931,17,1,2022-10-15,1.99
1932,6,1,2022-10-15,7.49
1933,4,2,2022-10-15,14.98
1934,2,1,2022-10-15,4.65
1935,7,4,2022-10-15,25.04
1936,0,3,2022-10-15,12.87
1937,12,3,2022-10-15,27.57
1938,9,1,2022-10-15,7.49
1939,3,1,2022-10-15,5.36
1940,12,4,2022-10-15,36.76
1940,12,3,2022-10-15,27.57
1940,12,2,2022-10-15,18.38
1941,0,2,2022-10-15,8.58
1942,1,4,2022-10-15,19.96
1943,13,1,2022-10-15,9.19
1944,17,3,2022-10-15,5.97
1945,15,3,2022-10-15,5.67
1946,7,1,2022-10-15,6.26
1947,8,1,2022-10-15,7.49
1948,0,4,2022-10-15,17.16
1949,16,3,2022-10-15,4.35
1950,16,2,2022-10-15,2.9
1950,16,2,2022-10-15,2.9
1951,9,1,2022-10-15,7.49
1952,3,1,2022-10-15,5.36
1953,7,2,2022-10-15,12.52
1954,8,1,2022-10-15,7.49
1955,18,3,2022-10-15,12.27
1956,9,3,2022-10-15,22.47
1957,10,1,2022-10-15,7.29
1958,4,4,2022-10-15,29.96
1959,14,1,2022-10-15,2.29
1960,4,4,2022-10-15,29.96
1960,4,2,2022-10-15,14.98
1960,4,3,2022-10-15,22.47
1961,11,2,2022-10-15,18.38
1962,10,4,2022-10-15,29.16
1963,2,2,2022-10-15,9.3
1964,4,3,2022-10-15,22.47
1965,14,4,2022-10-15,9.16
1966,4,1,2022-10-15,7.49
1967,7,3,2022-10-15,18.78
1968,3,4,2022-10-15,21.44
1969,13,4,2022-10-15,36.76
1970,9,3,2022-10-15,22.47
1970,9,4,2022-10-15,29.96
1971,6,1,2022-10-15,7.49
1972,18,2,2022-10-15,8.18
1973,6,3,2022-10-15,22.47
1974,20,2,2022-10-15,4.3
1975,13,4,2022-10-15,36.76
1976,18,4,2022-10-15,16.36
1977,13,2,2022-10-15,18.38
1978,17,3,2022-10-15,5.97
1979,19,2,2022-10-15,7.9
1980,19,3,2022-10-15,11.85
1980,19,1,2022-10-15,3.95
1980,19,3,2022-10-15,11.85
1981,15,2,2022-10-15,3.78
1982,15,4,2022-10-15,7.56
1983,5,1,2022-10-15,4.39
1984,6,4,2022-10-15,29.96
1985,8,2,2022-10-15,14.98
1986,20,2,2022-10-15,4.3
1987,20,1,2022-10-15,2.15
1988,14,4,2022-10-15,9.16
1989,16,3,2022-10-15,4.35
1990,15,4,2022-10-15,7.56
1990,15,1,2022-10-15,1.89
1991,7,1,2022-10-15,6.26
1992,8,4,2022-10-15,29.96
1993,3,3,2022-10-15,16.08
1994,0,2,2022-10-15,8.58
1995,6,3,2022-10-15,22.47
1996,8,1,2022-10-15,7.49
1997,11,4,2022-10-15,36.76
1998,20,4,2022-10-15,8.6
1999,16,1,2022-10-15,1.45
2000,13,4,2022-10-15,36.76
2000,13,2,2022-10-15,18.38
2000,13,4,2022-10-15,36.76
2001,5,2,2022-10-15,8.78
2002,17,3,2022-10-15,5.97
2003,14,3,2022-10-15,6.87
2004,13,2,2022-10-15,18.38
2005,18,3,2022-10-15,12.27
2006,20,3,2022-10-15,6.45
2007,15,3,2022-10-15,5.67
2008,20,4,2022-10-15,8.6
2009,1,4,2022-10-15,19.96
2010,13,3,2022-10-15,27.57
2010,13,1,2022-10-15,9.19
2011,5,3,2022-10-15,13.17
2012,14,2,2022-10-15,4.58
2013,17,1,2022-10-15,1.99
2014,16,3,2022-10-15,4.35
2015,9,1,2022-10-15,7.49
2016,4,4,2022-10-15,29.96
2017,8,1,2022-10-15,7.49
2018,17,1,2022-10-15,1.99
2019,6,1,2022-10-15,7.49
2020,10,3,2022-10-15,21.87
2020,10,1,2022-10-15,7.29
2020,10,2,2022-10-15,14.58
2021,11,2,2022-10-15,18.38
2022,1,4,2022-10-15,19.96
2023,18,4,2022-10-15,16.36
2024,19,2,2022-10-15,7.9
2025,12,2,2022-10-15,18.38
2026,13,4,2022-10-15,36.76
2027,4,4,2022-10-15,29.96
2028,6,2,2022-10-15,14.98
2029,11,3,2022-10-15,27.57
2030,7,1,2022-10-15,6.26
2030,7,2,2022-10-15,12.52
2031,9,4,2022-10-15,29.96
2032,17,1,2022-10-15,1.99
2033,16,3,2022-10-15,4.35
2034,7,1,2022-10-15,6.26
2035,0,2,2022-10-15,8.58
2036,1,2,2022-10-15,9.98
2037,9,2,2022-10-15,14.98
2038,17,2,2022-10-15,3.98
2039,0,3,2022-10-15,12.87
2040,18,3,2022-10-15,12.27
2040,18,1,2022-10-15,4.09
2040,18,3,2022-10-15,12.27
2041,9,2,2022-10-15,14.98
2042,4,1,2022-10-15,7.49
2043,5,3,2022-10-15,13.17
2044,19,1,2022-10-15,3.95
2045,6,2,2022-10-15,14.98
2046,18,3,2022-10-15,12.27
2047,7,1,2022-10-15,6.26
2048,3,2,2022-10-15,10.72
2049,4,2,2022-10-15,14.98
2050,0,1,2022-10-15,4.29
2050,0,3,2022-10-15,12.87
2051,15,2,2022-10-15,3.78
2052,16,1,2022-10-15,1.45
2053,19,2,2022-10-15,7.9
2054,18,1,2022-10-15,4.09
2055,19,4,2022-10-15,15.8
2056,18,1,2022-10-15,4.09
2057,10,1,2022-10-15,7.29
2058,12,1,2022-10-15,9.19
2059,9,4,2022-10-15,29.96
2060,10,1,2022-10-15,7.29
2060,10,2,2022-10-15,14.58
2060,10,1,2022-10-15,7.29
2061,11,2,2022-10-15,18.38
2062,0,3,2022-10-15,12.87
2063,14,1,2022-10-15,2.29
2064,19,3,2022-10-15,11.85
2065,18,4,2022-10-15,16.36
2066,11,4,2022-10-15,36.76
2067,5,4,2022-10-15,17.56
2068,16,1,2022-10-15,1.45
2069,6,4,2022-10-15,29.96
2070,1,3,2022-10-15,14.97
2071,3,4,2022-10-15,21.44
2072,20,1,2022-10-15,2.15
2073,19,2,2022-10-15,7.9
2074,8,2,2022-10-15,14.98
2075,4,2,2022-10-15,14.98
2076,11,3,2022-10-15,27.57
2077,11,3,2022-10-15,27.57
2078,12,1,2022-10-15,9.19
2079,12,1,2022-10-15,9.19
2080,9,4,2022-10-15,29.96
2081,9,4,2022-10-15,29.96
2082,12,1,2022-10-15,9.19
2083,19,3,2022-10-15,11.85
2084,17,4,2022-10-15,7.96
2085,8,1,2022-10-15,7.49
2086,1,3,2022-10-15,14.97
2087,6,1,2022-10-15,7.49
2088,15,2,2022-10-15,3.78
2089,9,3,2022-10-15,22.47
2090,14,4,2022-10-15,9.16
2091,9,4,2022-10-15,29.96
2092,14,3,2022-10-15,6.87
2093,4,3,2022-10-15,22.47
2094,11,2,2022-10-15,18.38
2095,18,3,2022-10-15,12.27
2096,0,4,2022-10-15,17.16
2097,18,1,2022-10-15,4.09
2098,12,2,2022-10-15,18.38
2099,19,3,2022-10-15,11.85
2100,11,2,2022-10-15,18.38
2101,9,4,2022-10-16,29.96
2102,2,3,2022-10-16,13.95
2103,9,4,2022-10-16,29.96
2104,7,1,2022-10-16,6.26
2105,12,1,2022-10-16,9.19
2106,19,2,2022-10-16,7.9
2107,2,4,2022-10-16,18.6
2108,12,4,2022-10-16,36.76
2109,8,1,2022-10-16,7.49
2110,6,1,2022-10-16,7.49
2110,6,1,2022-10-16,7.49
2111,9,2,2022-10-16,14.98
2112,20,4,2022-10-16,8.6
2113,19,4,2022-10-16,15.8
2114,12,1,2022-10-16,9.19
2115,7,4,2022-10-16,25.04
2116,13,2,2022-10-16,18.38
2117,1,3,2022-10-16,14.97
2118,7,1,2022-10-16,6.26
2119,4,4,2022-10-16,29.96
2120,15,2,2022-10-16,3.78
2120,15,4,2022-10-16,7.56
2120,15,4,2022-10-16,7.56
2121,15,3,2022-10-16,5.67
2122,12,2,2022-10-16,18.38
2123,16,2,2022-10-16,2.9
2124,0,4,2022-10-16,17.16
2125,16,3,2022-10-16,4.35
2126,9,4,2022-10-16,29.96
2127,15,4,2022-10-16,7.56
2128,10,2,2022-10-16,14.58
2129,18,4,2022-10-16,16.36
2130,14,2,2022-10-16,4.58
2130,14,1,2022-10-16,2.29
2131,9,4,2022-10-16,29.96
2132,7,3,2022-10-16,18.78
2133,14,4,2022-10-16,9.16
2134,14,4,2022-10-16,9.16
2135,2,4,2022-10-16,18.6
2136,1,1,2022-10-16,4.99
2137,5,4,2022-10-16,17.56
2138,20,3,2022-10-16,6.45
2139,4,3,2022-10-16,22.47
2140,18,3,2022-10-16,12.27
2140,18,3,2022-10-16,12.27
2140,18,2,2022-10-16,8.18
2141,14,4,2022-10-16,9.16
2142,19,1,2022-10-16,3.95
2143,16,4,2022-10-16,5.8
2144,16,1,2022-10-16,1.45
2145,1,1,2022-10-16,4.99
2146,4,2,2022-10-16,14.98
2147,17,3,2022-10-16,5.97
2148,2,2,2022-10-16,9.3
2149,19,2,2022-10-16,7.9
2150,4,1,2022-10-16,7.49
2150,4,4,2022-10-16,29.96
2151,14,4,2022-10-16,9.16
2152,20,1,2022-10-16,2.15
2153,15,1,2022-10-16,1.89
2154,1,3,2022-10-16,14.97
2155,0,2,2022-10-16,8.58
2156,16,4,2022-10-16,5.8
2157,14,2,2022-10-16,4.58
2158,4,1,2022-10-16,7.49
2159,18,4,2022-10-16,16.36
2160,17,3,2022-10-16,5.97
2160,17,3,2022-10-16,5.97
2160,17,4,2022-10-16,7.96
2161,14,2,2022-10-16,4.58
2162,7,2,2022-10-16,12.52
2163,11,4,2022-10-16,36.76
2164,7,3,2022-10-16,18.78
2165,11,4,2022-10-16,36.76
2166,1,3,2022-10-16,14.97
2167,12,1,2022-10-16,9.19
2168,0,2,2022-10-16,8.58
2169,2,4,2022-10-16,18.6
2170,20,1,2022-10-16,2.15
2170,20,2,2022-10-16,4.3
2171,4,3,2022-10-16,22.47
2172,19,2,2022-10-16,7.9
2173,10,1,2022-10-16,7.29
2174,10,2,2022-10-16,14.58
2175,16,2,2022-10-16,2.9
2176,20,4,2022-10-16,8.6
2177,13,1,2022-10-16,9.19
2178,10,4,2022-10-16,29.16
2179,17,1,2022-10-16,1.99
2180,3,1,2022-10-16,5.36
2180,3,3,2022-10-16,16.08
2180,3,2,2022-10-16,10.72
2181,7,3,2022-10-16,18.78
2182,13,1,2022-10-16,9.19
2183,9,1,2022-10-16,7.49
2184,6,2,2022-10-16,14.98
2185,0,3,2022-10-16,12.87
2186,9,3,2022-10-16,22.47
2187,8,1,2022-10-16,7.49
2188,1,2,2022-10-16,9.98
2189,10,3,2022-10-16,21.87
2190,2,2,2022-10-16,9.3
2190,2,3,2022-10-16,13.95
2191,14,3,2022-10-16,6.87
2192,12,2,2022-10-16,18.38
2193,14,4,2022-10-16,9.16
2194,8,3,2022-10-16,22.47
2195,5,3,2022-10-16,13.17
2196,12,3,2022-10-16,27.57
2197,3,4,2022-10-16,21.44
2198,7,4,2022-10-16,25.04
2199,15,4,2022-10-16,7.56
2200,5,1,2022-10-16,4.39
2200,5,3,2022-10-16,13.17
2200,5,4,2022-10-16,17.56
2201,12,1,2022-10-16,9.19
2202,14,2,2022-10-16,4.58
2203,11,3,2022-10-16,27.57
2204,5,4,2022-10-16,17.56
2205,4,1,2022-10-16,7.49
2206,16,3,2022-10-16,4.35
2207,16,1,2022-10-16,1.45
2208,2,1,2022-10-16,4.65
2209,8,1,2022-10-16,7.49
2210,15,3,2022-10-16,5.67
2210,15,2,2022-10-16,3.78
2211,11,2,2022-10-16,18.38
2212,10,1,2022-10-16,7.29
2213,13,2,2022-10-16,18.38
2214,8,4,2022-10-16,29.96
2215,7,2,2022-10-16,12.52
2216,14,3,2022-10-16,6.87
2217,0,2,2022-10-16,8.58
2218,18,3,2022-10-16,12.27
2219,1,1,2022-10-16,4.99
2220,4,4,2022-10-16,29.96
2220,4,2,2022-10-16,14.98
2220,4,3,2022-10-16,22.47
2221,19,4,2022-10-16,15.8
2222,17,4,2022-10-16,7.96
2223,7,4,2022-10-16,25.04
2224,10,4,2022-10-16,29.16
2225,10,4,2022-10-16,29.16
2226,5,2,2022-10-16,8.78
2227,18,2,2022-10-16,8.18
2228,17,1,2022-10-16,1.99
2229,4,3,2022-10-16,22.47
2230,3,3,2022-10-16,16.08
2230,3,4,2022-10-16,21.44
2231,10,3,2022-10-16,21.87
2232,20,4,2022-10-16,8.6
2233,18,3,2022-10-16,12.27
2234,4,4,2022-10-16,29.96
2235,11,2,2022-10-16,18.38
2236,13,1,2022-10-16,9.19
2237,3,3,2022-10-16,16.08
2238,15,2,2022-10-16,3.78
2239,20,4,2022-10-16,8.6
2240,19,1,2022-10-16,3.95
2240,19,1,2022-10-16,3.95
2240,19,2,2022-10-16,7.9
2241,13,2,2022-10-16,18.38
2242,1,4,2022-10-16,19.96
2243,10,4,2022-10-16,29.16
2244,13,4,2022-10-16,36.76
2245,6,1,2022-10-17,7.49
2246,15,4,2022-10-17,7.56
2247,0,1,2022-10-17,4.29
2248,15,4,2022-10-17,7.56
2249,16,1,2022-10-17,1.45
2250,11,2,2022-10-17,18.38
2250,11,3,2022-10-17,27.57
2251,17,2,2022-10-17,3.98
2252,0,4,2022-10-17,17.16
2253,13,1,2022-10-17,9.19
2254,19,2,2022-10-17,7.9
2255,12,2,2022-10-17,18.38
2256,4,4,2022-10-17,29.96
2257,20,1,2022-10-17,2.15
2258,2,1,2022-10-17,4.65
2259,14,3,2022-10-17,6.87
2260,8,2,2022-10-17,14.98
2260,8,2,2022-10-17,14.98
2260,8,4,2022-10-17,29.96
2261,16,3,2022-10-17,4.35
2262,0,3,2022-10-17,12.87
2263,17,3,2022-10-17,5.97
2264,8,4,2022-10-17,29.96
2265,0,1,2022-10-17,4.29
2266,14,4,2022-10-17,9.16
2267,4,2,2022-10-17,14.98
2268,10,1,2022-10-17,7.29
2269,11,2,2022-10-17,18.38
2270,5,1,2022-10-17,4.39
2270,5,2,2022-10-17,8.78
2271,17,2,2022-10-17,3.98
2272,8,3,2022-10-17,22.47
2273,16,3,2022-10-17,4.35
2274,1,3,2022-10-17,14.97
2275,14,3,2022-10-17,6.87
2276,13,2,2022-10-17,18.38
2277,3,1,2022-10-17,5.36
2278,17,2,2022-10-17,3.98
2279,16,1,2022-10-17,1.45
2280,10,3,2022-10-17,21.87
2280,10,2,2022-10-17,14.58
2280,10,3,2022-10-17,21.87
2281,10,2,2022-10-17,14.58
2282,6,4,2022-10-17,29.96
2283,3,4,2022-10-17,21.44
2284,10,2,2022-10-17,14.58
2285,15,4,2022-10-17,7.56
2286,3,1,2022-10-17,5.36
2287,5,2,2022-10-17,8.78
2288,10,2,2022-10-17,14.58
2289,14,2,2022-10-17,4.58
2290,13,3,2022-10-17,27.57
2290,13,4,2022-10-17,36.76
2291,20,3,2022-10-17,6.45
2292,14,1,2022-10-17,2.29
2293,4,3,2022-10-17,22.47
2294,12,2,2022-10-17,18.38
2295,18,1,2022-10-17,4.09
2296,7,3,2022-10-17,18.78
2297,15,3,2022-10-17,5.67
2298,9,3,2022-10-17,22.47
2299,2,2,2022-10-17,9.3
2300,16,1,2022-10-17,1.45
2300,16,4,2022-10-17,5.8
2300,16,1,2022-10-17,1.45
2301,15,4,2022-10-17,7.56
2302,14,1,2022-10-17,2.29
2303,4,3,2022-10-17,22.47
2304,11,3,2022-10-17,27.57
2305,1,4,2022-10-17,19.96
2306,13,3,2022-10-17,27.57
2307,7,2,2022-10-17,12.52
2308,8,3,2022-10-17,22.47
2309,20,1,2022-10-17,2.15
2310,14,2,2022-10-17,4.58
2310,14,1,2022-10-17,2.29
2311,10,1,2022-10-17,7.29
2312,8,1,2022-10-17,7.49
2313,3,1,2022-10-17,5.36
2314,14,4,2022-10-17,9.16
2315,10,4,2022-10-17,29.16
2316,10,1,2022-10-17,7.29
2317,17,1,2022-10-17,1.99
2318,2,3,2022-10-17,13.95
2319,8,3,2022-10-17,22.47
2320,5,2,2022-10-17,8.78
2320,5,1,2022-10-17,4.39
2320,5,3,2022-10-17,13.17
2321,13,2,2022-10-17,18.38
2322,18,1,2022-10-17,4.09
2323,12,1,2022-10-17,9.19
2324,17,2,2022-10-17,3.98
2325,10,1,2022-10-17,7.29
2326,18,4,2022-10-17,16.36
2327,11,4,2022-10-17,36.76
2328,13,3,2022-10-17,27.57
2329,13,1,2022-10-17,9.19
2330,8,4,2022-10-17,29.96
2330,8,2,2022-10-17,14.98
2331,5,2,2022-10-17,8.78
2332,20,4,2022-10-17,8.6
2333,7,1,2022-10-17,6.26
2334,18,2,2022-10-17,8.18
2335,15,4,2022-10-17,7.56
2336,20,1,2022-10-17,2.15
2337,14,3,2022-10-17,6.87
2338,10,2,2022-10-17,14.58
2339,8,3,2022-10-17,22.47
2340,6,2,2022-10-17,14.98
2340,6,2,2022-10-17,14.98
2340,6,2,2022-10-17,14.98
2341,1,2,2022-10-17,9.98
2342,3,2,2022-10-17,10.72
2343,16,4,2022-10-17,5.8
2344,12,3,2022-10-17,27.57
2345,11,1,2022-10-17,9.19
2346,14,3,2022-10-17,6.87
2347,3,2,2022-10-17,10.72
2348,1,2,2022-10-17,9.98
2349,15,4,2022-10-17,7.56
2350,1,1,2022-10-17,4.99
2350,1,1,2022-10-17,4.99
2351,5,2,2022-10-17,8.78
2352,16,2,2022-10-17,2.9
2353,20,1,2022-10-17,2.15
2354,12,1,2022-10-17,9.19
2355,14,3,2022-10-17,6.87
2356,4,3,2022-10-17,22.47
2357,11,2,2022-10-17,18.38
2358,5,2,2022-10-17,8.78
2359,3,3,2022-10-17,16.08
2360,20,4,2022-10-17,8.6
2360,20,2,2022-10-17,4.3
2360,20,1,2022-10-17,2.15
2361,4,2,2022-10-17,14.98
2362,13,4,2022-10-17,36.76
2363,3,1,2022-10-17,5.36
2364,3,1,2022-10-17,5.36
2365,4,1,2022-10-17,7.49
2366,7,3,2022-10-17,18.78
2367,18,3,2022-10-17,12.27
2368,8,3,2022-10-17,22.47
2369,18,1,2022-10-17,4.09
2370,20,3,2022-10-17,6.45
2370,20,3,2022-10-17,6.45
2371,11,2,2022-10-17,18.38
2372,11,2,2022-10-17,18.38
2373,9,1,2022-10-17,7.49
2374,1,1,2022-10-17,4.99
2375,4,4,2022-10-17,29.96
2376,0,1,2022-10-17,4.29
2377,7,1,2022-10-17,6.26
2378,19,2,2022-10-17,7.9
2379,8,2,2022-10-17,14.98
2380,17,3,2022-10-17,5.97
2380,17,4,2022-10-17,7.96
2380,17,2,2022-10-17,3.98
2381,14,4,2022-10-17,9.16
2382,18,4,2022-10-17,16.36
2383,0,4,2022-10-17,17.16
2384,15,3,2022-10-17,5.67
2385,14,4,2022-10-17,9.16
2386,18,1,2022-10-17,4.09
2387,17,4,2022-10-17,7.96
2388,20,2,2022-10-17,4.3
2389,11,3,2022-10-17,27.57
2390,16,2,2022-10-17,2.9
2390,16,2,2022-10-17,2.9
2391,18,2,2022-10-17,8.18
2392,20,3,2022-10-17,6.45
2393,2,1,2022-10-17,4.65
2394,4,3,2022-10-17,22.47
2395,20,3,2022-10-17,6.45
2396,12,2,2022-10-17,18.38
2397,17,2,2022-10-17,3.98
2398,10,1,2022-10-17,7.29
2399,1,3,2022-10-17,14.97
2400,6,2,2022-10-17,14.98
2400,6,4,2022-10-17,29.96
2400,6,2,2022-10-17,14.98
2401,14,1,2022-10-17,2.29
2402,14,2,2022-10-17,4.58
2403,9,2,2022-10-18,14.98
2404,9,2,2022-10-18,14.98
2405,3,1,2022-10-18,5.36
2406,19,4,2022-10-18,15.8
2407,15,4,2022-10-18,7.56
2408,17,3,2022-10-18,5.97
2409,2,3,2022-10-18,13.95
2410,16,3,2022-10-18,4.35
2410,16,1,2022-10-18,1.45
2411,7,3,2022-10-18,18.78
2412,1,1,2022-10-18,4.99
2413,19,1,2022-10-18,3.95
2414,12,2,2022-10-18,18.38
2415,2,1,2022-10-18,4.65
2416,17,2,2022-10-18,3.98
2417,8,4,2022-10-18,29.96
2418,8,1,2022-10-18,7.49
2419,18,3,2022-10-18,12.27
2420,6,1,2022-10-18,7.49
2420,6,2,2022-10-18,14.98
2420,6,3,2022-10-18,22.47
2421,4,1,2022-10-18,7.49
2422,5,3,2022-10-18,13.17
2423,15,4,2022-10-18,7.56
2424,12,4,2022-10-18,36.76
2425,3,3,2022-10-18,16.08
2426,12,2,2022-10-18,18.38
2427,9,3,2022-10-18,22.47
2428,0,1,2022-10-18,4.29
2429,17,1,2022-10-18,1.99
2430,19,4,2022-10-18,15.8
2430,19,1,2022-10-18,3.95
2431,5,2,2022-10-18,8.78
2432,8,4,2022-10-18,29.96
2433,6,1,2022-10-18,7.49
2434,12,4,2022-10-18,36.76
2435,13,4,2022-10-18,36.76
2436,13,3,2022-10-18,27.57
2437,17,4,2022-10-18,7.96
2438,4,1,2022-10-18,7.49
2439,0,1,2022-10-18,4.29
2440,8,4,2022-10-18,29.96
2440,8,3,2022-10-18,22.47
2440,8,2,2022-10-18,14.98
2441,12,1,2022-10-18,9.19
2442,11,1,2022-10-18,9.19
2443,20,4,2022-10-18,8.6
2444,16,4,2022-10-18,5.8
2445,16,3,2022-10-18,4.35
2446,14,1,2022-10-18,2.29
2447,3,4,2022-10-18,21.44
2448,15,2,2022-10-18,3.78
2449,1,2,2022-10-18,9.98
2450,7,4,2022-10-18,25.04
2450,7,2,2022-10-18,12.52
2451,1,1,2022-10-18,4.99
2452,1,3,2022-10-18,14.97
2453,3,1,2022-10-18,5.36
2454,9,3,2022-10-18,22.47
2455,14,4,2022-10-18,9.16
2456,1,2,2022-10-18,9.98
2457,20,2,2022-10-18,4.3
2458,9,4,2022-10-18,29.96
2459,15,4,2022-10-18,7.56
2460,9,1,2022-10-18,7.49
2460,9,4,2022-10-18,29.96
2460,9,3,2022-10-18,22.47
2461,16,2,2022-10-18,2.9
2462,18,4,2022-10-18,16.36
2463,18,1,2022-10-18,4.09
2464,4,4,2022-10-18,29.96
2465,16,3,2022-10-18,4.35
2466,14,3,2022-10-18,6.87
2467,16,2,2022-10-18,2.9
2468,18,2,2022-10-18,8.18
2469,2,2,2022-10-18,9.3
2470,14,1,2022-10-18,2.29
2470,14,2,2022-10-18,4.58
2471,11,2,2022-10-18,18.38
2472,4,2,2022-10-18,14.98
2473,11,3,2022-10-18,27.57
2474,6,2,2022-10-18,14.98
2475,15,1,2022-10-18,1.89
2476,1,1,2022-10-18,4.99
2477,10,1,2022-10-18,7.29
2478,19,2,2022-10-18,7.9
2479,10,2,2022-10-18,14.58
2480,8,1,2022-10-18,7.49
2480,8,3,2022-10-18,22.47
2480,8,3,2022-10-18,22.47
2481,1,4,2022-10-18,19.96
2482,1,3,2022-10-18,14.97
2483,6,1,2022-10-18,7.49
2484,16,4,2022-10-18,5.8
2485,9,3,2022-10-18,22.47
2486,7,2,2022-10-18,12.52
2487,5,4,2022-10-18,17.56
2488,8,4,2022-10-18,29.96
2489,3,3,2022-10-18,16.08
2490,13,3,2022-10-18,27.57
2490,13,1,2022-10-18,9.19
2491,1,1,2022-10-18,4.99
2492,1,1,2022-10-18,4.99
2493,13,2,2022-10-18,18.38
2494,7,2,2022-10-18,12.52
2495,4,2,2022-10-18,14.98
2496,12,1,2022-10-18,9.19
2497,15,4,2022-10-18,7.56
2498,1,3,2022-10-18,14.97
2499,12,2,2022-10-18,18.38
2500,4,2,2022-10-18,14.98
2500,4,4,2022-10-18,29.96
2500,4,2,2022-10-18,14.98
2501,12,1,2022-10-18,9.19
2502,5,1,2022-10-18,4.39
2503,13,4,2022-10-18,36.76
2504,7,2,2022-10-18,12.52
2505,11,1,2022-10-18,9.19
2506,13,1,2022-10-18,9.19
2507,15,4,2022-10-18,7.56
2508,14,2,2022-10-18,4.58
2509,11,3,2022-10-18,27.57
2510,2,4,2022-10-18,18.6
2510,2,2,2022-10-18,9.3
2511,3,4,2022-10-18,21.44
2512,10,3,2022-10-18,21.87
2513,20,4,2022-10-18,8.6
2514,4,1,2022-10-18,7.49
2515,6,3,2022-10-18,22.47
2516,16,1,2022-10-18,1.45
2517,13,3,2022-10-18,27.57
2518,7,4,2022-10-18,25.04
2519,2,4,2022-10-18,18.6
2520,8,4,2022-10-18,29.96
2520,8,2,2022-10-18,14.98
2520,8,2,2022-10-18,14.98
2521,19,2,2022-10-18,7.9
2522,13,3,2022-10-18,27.57
2523,15,2,2022-10-18,3.78
2524,14,4,2022-10-18,9.16
2525,20,2,2022-10-18,4.3
2526,13,2,2022-10-18,18.38
2527,1,4,2022-10-18,19.96
2528,8,1,2022-10-18,7.49
2529,0,1,2022-10-18,4.29
2530,11,3,2022-10-18,27.57
2530,11,2,2022-10-18,18.38
2531,15,1,2022-10-18,1.89
2532,17,1,2022-10-18,1.99
2533,3,1,2022-10-18,5.36
2534,19,1,2022-10-18,3.95
2535,7,4,2022-10-18,25.04
2536,4,4,2022-10-18,29.96
2537,7,4,2022-10-18,25.04
2538,10,1,2022-10-18,7.29
2539,18,3,2022-10-18,12.27
2540,8,4,2022-10-18,29.96
2540,8,2,2022-10-18,14.98
2540,8,3,2022-10-18,22.47
2541,5,2,2022-10-19,8.78
2542,2,1,2022-10-19,4.65
2543,14,4,2022-10-19,9.16
2544,10,2,2022-10-19,14.58
2545,20,4,2022-10-19,8.6
2546,9,2,2022-10-19,14.98
2547,6,2,2022-10-19,14.98
2548,0,2,2022-10-19,8.58
2549,1,2,2022-10-19,9.98
2550,14,4,2022-10-19,9.16
2550,14,2,2022-10-19,4.58
2551,6,3,2022-10-19,22.47
2552,7,2,2022-10-19,12.52
2553,9,3,2022-10-19,22.47
2554,17,1,2022-10-19,1.99
2555,3,1,2022-10-19,5.36
2556,7,2,2022-10-19,12.52
2557,17,1,2022-10-19,1.99
2558,15,3,2022-10-19,5.67
2559,6,4,2022-10-19,29.96
2560,20,3,2022-10-19,6.45
2560,20,2,2022-10-19,4.3
2560,20,4,2022-10-19,8.6
2561,17,1,2022-10-19,1.99
2562,12,1,2022-10-19,9.19
2563,7,1,2022-10-19,6.26
2564,9,3,2022-10-19,22.47
2565,16,4,2022-10-19,5.8
2566,12,4,2022-10-19,36.76
2567,2,2,2022-10-19,9.3
2568,5,4,2022-10-19,17.56
2569,3,3,2022-10-19,16.08
2570,19,4,2022-10-19,15.8
2570,19,3,2022-10-19,11.85
2571,15,1,2022-10-19,1.89
2572,8,1,2022-10-19,7.49
2573,18,4,2022-10-19,16.36
2574,18,3,2022-10-19,12.27
2575,7,3,2022-10-19,18.78
2576,2,4,2022-10-19,18.6
2577,0,1,2022-10-19,4.29
2578,1,4,2022-10-19,19.96
2579,4,2,2022-10-19,14.98
2580,13,1,2022-10-19,9.19
2580,13,2,2022-10-19,18.38
2580,13,4,2022-10-19,36.76
2581,6,1,2022-10-19,7.49
2582,8,3,2022-10-19,22.47
2583,8,2,2022-10-19,14.98
2584,2,4,2022-10-19,18.6
2585,0,3,2022-10-19,12.87
2586,3,3,2022-10-19,16.08
2587,6,4,2022-10-19,29.96
2588,0,1,2022-10-19,4.29
2589,12,3,2022-10-19,27.57
2590,1,2,2022-10-19,9.98
2590,1,3,2022-10-19,14.97
2591,4,1,2022-10-19,7.49
2592,17,4,2022-10-19,7.96
2593,9,2,2022-10-19,14.98
2594,7,3,2022-10-19,18.78
2595,3,2,2022-10-19,10.72
2596,3,3,2022-10-19,16.08
2597,19,2,2022-10-19,7.9
2598,14,4,2022-10-19,9.16
2599,8,1,2022-10-19,7.49
2600,15,4,2022-10-19,7.56
2600,15,1,2022-10-19,1.89
2600,15,3,2022-10-19,5.67
2601,5,4,2022-10-19,17.56
2602,7,4,2022-10-19,25.04
2603,19,4,2022-10-19,15.8
2604,18,4,2022-10-19,16.36
2605,8,2,2022-10-19,14.98
2606,9,4,2022-10-19,29.96
2607,19,2,2022-10-19,7.9
2608,2,3,2022-10-19,13.95
2609,8,1,2022-10-19,7.49
2610,7,1,2022-10-19,6.26
2610,7,1,2022-10-19,6.26
2611,14,1,2022-10-19,2.29
2612,1,3,2022-10-19,14.97
2613,16,3,2022-10-19,4.35
2614,9,1,2022-10-19,7.49
2615,3,3,2022-10-19,16.08
2616,17,2,2022-10-19,3.98
2617,13,3,2022-10-19,27.57
2618,3,1,2022-10-19,5.36
2619,7,4,2022-10-19,25.04
2620,4,1,2022-10-19,7.49
2620,4,1,2022-10-19,7.49
2620,4,4,2022-10-19,29.96
2621,7,3,2022-10-19,18.78
2622,10,3,2022-10-19,21.87
2623,11,4,2022-10-19,36.76
2624,7,3,2022-10-19,18.78
2625,16,4,2022-10-19,5.8
2626,2,2,2022-10-19,9.3
2627,4,1,2022-10-19,7.49
2628,6,4,2022-10-19,29.96
2629,12,4,2022-10-19,36.76
2630,18,3,2022-10-19,12.27
2630,18,1,2022-10-19,4.09
2631,12,3,2022-10-19,27.57
2632,15,3,2022-10-19,5.67
2633,11,2,2022-10-19,18.38
2634,3,1,2022-10-19,5.36
2635,0,4,2022-10-19,17.16
2636,7,2,2022-10-19,12.52
2637,14,1,2022-10-19,2.29
2638,17,3,2022-10-19,5.97
2639,12,2,2022-10-19,18.38
2640,20,4,2022-10-19,8.6
2640,20,1,2022-10-19,2.15
2640,20,3,2022-10-19,6.45
2641,3,4,2022-10-19,21.44
2642,8,2,2022-10-19,14.98
2643,17,4,2022-10-19,7.96
2644,8,1,2022-10-19,7.49
2645,4,4,2022-10-19,29.96
2646,2,2,2022-10-19,9.3
2647,3,4,2022-10-19,21.44
2648,0,2,2022-10-19,8.58
2649,12,4,2022-10-19,36.76
2650,9,3,2022-10-19,22.47
2650,9,1,2022-10-19,7.49
2651,9,1,2022-10-19,7.49
2652,17,2,2022-10-19,3.98
2653,10,3,2022-10-19,21.87
2654,19,4,2022-10-19,15.8
2655,18,4,2022-10-19,16.36
2656,3,2,2022-10-19,10.72
2657,8,1,2022-10-19,7.49
2658,8,2,2022-10-19,14.98
2659,6,3,2022-10-19,22.47
2660,10,1,2022-10-19,7.29
2660,10,3,2022-10-19,21.87
2660,10,3,2022-10-19,21.87
2661,6,3,2022-10-19,22.47
2662,20,2,2022-10-19,4.3
2663,18,3,2022-10-19,12.27
2664,15,1,2022-10-19,1.89
2665,5,4,2022-10-19,17.56
2666,18,2,2022-10-19,8.18
2667,2,1,2022-10-19,4.65
2668,16,2,2022-10-19,2.9
2669,12,3,2022-10-19,27.57
2670,10,2,2022-10-19,14.58
2670,10,1,2022-10-19,7.29
2671,15,3,2022-10-19,5.67
2672,2,4,2022-10-19,18.6
2673,12,1,2022-10-19,9.19
2674,8,4,2022-10-19,29.96
2675,10,4,2022-10-19,29.16
2676,19,2,2022-10-19,7.9
2677,9,2,2022-10-19,14.98
2678,13,1,2022-10-19,9.19
2679,4,1,2022-10-19,7.49
2680,18,1,2022-10-19,4.09
2680,18,2,2022-10-19,8.18
2680,18,3,2022-10-19,12.27
2681,5,2,2022-10-20,8.78
2682,14,4,2022-10-20,9.16
2683,2,2,2022-10-20,9.3
2684,0,1,2022-10-20,4.29
2685,4,4,2022-10-20,29.96
2686,1,1,2022-10-20,4.99
2687,6,1,2022-10-20,7.49
2688,18,2,2022-10-20,8.18
2689,18,3,2022-10-20,12.27
2690,20,4,2022-10-20,8.6
2690,20,1,2022-10-20,2.15
2691,5,1,2022-10-20,4.39
2692,16,4,2022-10-20,5.8
2693,16,4,2022-10-20,5.8
2694,20,4,2022-10-20,8.6
2695,15,1,2022-10-20,1.89
2696,12,2,2022-10-20,18.38
2697,13,2,2022-10-20,18.38
2698,19,3,2022-10-20,11.85
2699,14,1,2022-10-20,2.29
2700,19,2,2022-10-20,7.9
2700,19,2,2022-10-20,7.9
2700,19,2,2022-10-20,7.9
2701,0,2,2022-10-20,8.58
2702,2,3,2022-10-20,13.95
2703,17,2,2022-10-20,3.98
2704,19,3,2022-10-20,11.85
2705,18,4,2022-10-20,16.36
2706,13,1,2022-10-20,9.19
2707,13,3,2022-10-20,27.57
2708,8,2,2022-10-20,14.98
2709,1,3,2022-10-20,14.97
2710,12,1,2022-10-20,9.19
2710,12,4,2022-10-20,36.76
2711,18,3,2022-10-20,12.27
2712,6,3,2022-10-20,22.47
2713,13,1,2022-10-20,9.19
2714,1,1,2022-10-20,4.99
2715,14,1,2022-10-20,2.29
2716,0,2,2022-10-20,8.58
2717,0,2,2022-10-20,8.58
2718,9,3,2022-10-20,22.47
2719,3,4,2022-10-20,21.44
2720,0,2,2022-10-20,8.58
2720,0,1,2022-10-20,4.29
2720,0,4,2022-10-20,17.16
2721,17,1,2022-10-20,1.99
2722,12,1,2022-10-20,9.19
2723,8,4,2022-10-20,29.96
2724,10,3,2022-10-20,21.87
2725,4,3,2022-10-20,22.47
2726,3,4,2022-10-20,21.44
2727,8,2,2022-10-20,14.98
2728,14,4,2022-10-20,9.16
2729,13,1,2022-10-20,9.19
2730,6,4,2022-10-20,29.96
2730,6,2,2022-10-20,14.98
2731,16,4,2022-10-20,5.8
2732,17,1,2022-10-20,1.99
2733,11,3,2022-10-20,27.57
2734,2,2,2022-10-20,9.3
2735,8,4,2022-10-20,29.96
2736,9,1,2022-10-20,7.49
2737,20,2,2022-10-20,4.3
2738,16,3,2022-10-20,4.35
2739,8,4,2022-10-20,29.96
2740,12,2,2022-10-20,18.38
2740,12,2,2022-10-20,18.38
2740,12,1,2022-10-20,9.19
2741,12,2,2022-10-20,18.38
2742,3,4,2022-10-20,21.44
2743,1,3,2022-10-20,14.97
2744,3,1,2022-10-20,5.36
2745,13,4,2022-10-20,36.76
2746,4,1,2022-10-20,7.49
2747,8,4,2022-10-20,29.96
2748,5,1,2022-10-20,4.39
2749,20,2,2022-10-20,4.3
2750,7,3,2022-10-20,18.78
2750,7,1,2022-10-20,6.26
2751,3,4,2022-10-20,21.44
2752,2,1,2022-10-20,4.65
2753,14,3,2022-10-20,6.87
2754,0,4,2022-10-20,17.16
2755,4,3,2022-10-20,22.47
2756,6,4,2022-10-20,29.96
2757,17,3,2022-10-20,5.97
2758,11,2,2022-10-20,18.38
2759,10,2,2022-10-20,14.58
2760,10,2,2022-10-20,14.58
2760,10,4,2022-10-20,29.16
2760,10,4,2022-10-20,29.16
2761,19,3,2022-10-20,11.85
2762,1,4,2022-10-20,19.96
2763,11,3,2022-10-20,27.57
2764,5,3,2022-10-20,13.17
2765,14,1,2022-10-20,2.29
2766,17,4,2022-10-20,7.96
2767,8,3,2022-10-20,22.47
2768,13,4,2022-10-20,36.76
2769,14,3,2022-10-20,6.87
2770,13,4,2022-10-20,36.76
2770,13,3,2022-10-20,27.57
2771,8,3,2022-10-20,22.47
2772,15,3,2022-10-20,5.67
2773,4,4,2022-10-20,29.96
2774,18,4,2022-10-20,16.36
2775,19,1,2022-10-20,3.95
2776,6,2,2022-10-20,14.98
2777,12,4,2022-10-20,36.76
2778,9,4,2022-10-20,29.96
2779,13,4,2022-10-20,36.76
2780,11,4,2022-10-20,36.76
2780,11,1,2022-10-20,9.19
2780,11,4,2022-10-20,36.76
2781,15,4,2022-10-20,7.56
2782,9,4,2022-10-20,29.96
2783,3,4,2022-10-20,21.44
2784,2,2,2022-10-20,9.3
2785,1,1,2022-10-20,4.99
2786,5,3,2022-10-20,13.17
2787,10,1,2022-10-20,7.29
2788,14,3,2022-10-20,6.87
2789,17,1,2022-10-20,1.99
2790,2,4,2022-10-20,18.6
2790,2,1,2022-10-20,4.65
2791,15,1,2022-10-20,1.89
2792,1,1,2022-10-20,4.99
2793,10,2,2022-10-20,14.58
2794,5,1,2022-10-20,4.39
2795,4,1,2022-10-20,7.49
2796,15,3,2022-10-20,5.67
2797,17,4,2022-10-20,7.96
2798,3,3,2022-10-20,16.08
2799,19,1,2022-10-20,3.95
2800,0,3,2022-10-20,12.87
2800,0,4,2022-10-20,17.16
2800,0,1,2022-10-20,4.29
2801,4,4,2022-10-20,29.96
2802,13,1,2022-10-20,9.19
2803,19,4,2022-10-20,15.8
2804,2,4,2022-10-20,18.6
2805,13,4,2022-10-20,36.76
2806,19,3,2022-10-20,11.85
2807,19,3,2022-10-20,11.85
2808,18,2,2022-10-20,8.18
2809,9,4,2022-10-20,29.96
2810,16,2,2022-10-20,2.9
2810,16,1,2022-10-20,1.45
2811,18,2,2022-10-21,8.18
2812,8,3,2022-10-21,22.47
2813,4,2,2022-10-21,14.98
2814,16,1,2022-10-21,1.45
2815,8,4,2022-10-21,29.96
2816,0,2,2022-10-21,8.58
2817,13,1,2022-10-21,9.19
2818,14,3,2022-10-21,6.87
2819,5,1,2022-10-21,4.39
2820,5,2,2022-10-21,8.78
2820,5,1,2022-10-21,4.39
2820,5,2,2022-10-21,8.78
2821,13,2,2022-10-21,18.38
2822,16,1,2022-10-21,1.45
2823,20,2,2022-10-21,4.3
2824,4,3,2022-10-21,22.47
2825,14,4,2022-10-21,9.16
2826,18,2,2022-10-21,8.18
2827,7,4,2022-10-21,25.04
2828,1,4,2022-10-21,19.96
2829,13,2,2022-10-21,18.38
2830,18,3,2022-10-21,12.27
2830,18,2,2022-10-21,8.18
2831,16,1,2022-10-21,1.45
2832,18,4,2022-10-21,16.36
2833,17,3,2022-10-21,5.97
2834,13,1,2022-10-21,9.19
2835,11,4,2022-10-21,36.76
2836,13,3,2022-10-21,27.57
2837,3,2,2022-10-21,10.72
2838,10,3,2022-10-21,21.87
2839,20,3,2022-10-21,6.45
2840,11,1,2022-10-21,9.19
2840,11,2,2022-10-21,18.38
2840,11,4,2022-10-21,36.76
2841,2,2,2022-10-21,9.3
2842,16,1,2022-10-21,1.45
2843,0,4,2022-10-21,17.16
2844,5,1,2022-10-21,4.39
2845,12,2,2022-10-21,18.38
2846,18,2,2022-10-21,8.18
2847,10,2,2022-10-21,14.58
2848,1,1,2022-10-21,4.99
2849,13,3,2022-10-21,27.57
2850,19,3,2022-10-21,11.85
2850,19,1,2022-10-21,3.95
2851,20,1,2022-10-21,2.15
2852,4,2,2022-10-21,14.98
2853,2,4,2022-10-21,18.6
2854,7,3,2022-10-21,18.78
2855,13,3,2022-10-21,27.57
2856,15,2,2022-10-21,3.78
2857,8,3,2022-10-21,22.47
2858,14,1,2022-10-21,2.29
2859,17,4,2022-10-21,7.96
2860,2,3,2022-10-21,13.95
2860,2,3,2022-10-21,13.95
2860,2,2,2022-10-21,9.3
2861,20,1,2022-10-21,2.15
2862,6,3,2022-10-21,22.47
2863,13,2,2022-10-21,18.38
2864,11,3,2022-10-21,27.57
2865,0,3,2022-10-21,12.87
2866,20,3,2022-10-21,6.45
2867,2,2,2022-10-21,9.3
2868,19,2,2022-10-21,7.9
2869,1,4,2022-10-21,19.96
2870,8,1,2022-10-21,7.49
2870,8,2,2022-10-21,14.98
2871,0,4,2022-10-21,17.16
2872,12,2,2022-10-21,18.38
2873,13,1,2022-10-21,9.19
2874,19,3,2022-10-21,11.85
2875,16,1,2022-10-21,1.45
2876,2,3,2022-10-21,13.95
2877,15,2,2022-10-21,3.78
2878,0,4,2022-10-21,17.16
2879,0,3,2022-10-21,12.87
2880,17,4,2022-10-21,7.96
2880,17,3,2022-10-21,5.97
2880,17,3,2022-10-21,5.97
2881,20,2,2022-10-21,4.3
2882,18,4,2022-10-21,16.36
2883,20,4,2022-10-21,8.6
2884,16,2,2022-10-21,2.9
2885,14,4,2022-10-21,9.16
2886,16,1,2022-10-21,1.45
2887,6,4,2022-10-21,29.96
2888,13,2,2022-10-21,18.38
2889,0,4,2022-10-21,17.16
2890,12,2,2022-10-21,18.38
2890,12,4,2022-10-21,36.76
2891,0,2,2022-10-21,8.58
2892,20,2,2022-10-21,4.3
2893,5,4,2022-10-21,17.56
2894,5,4,2022-10-21,17.56
2895,11,3,2022-10-21,27.57
2896,15,4,2022-10-21,7.56
2897,4,1,2022-10-21,7.49
2898,15,4,2022-10-21,7.56
2899,1,4,2022-10-21,19.96
2900,17,4,2022-10-21,7.96
2900,17,3,2022-10-21,5.97
2900,17,4,2022-10-21,7.96
2901,11,2,2022-10-21,18.38
2902,20,2,2022-10-21,4.3
2903,4,3,2022-10-21,22.47
2904,14,4,2022-10-21,9.16
2905,4,2,2022-10-21,14.98
2906,6,1,2022-10-21,7.49
2907,7,3,2022-10-21,18.78
2908,19,3,2022-10-21,11.85
2909,9,1,2022-10-21,7.49
2910,11,4,2022-10-21,36.76
2910,11,2,2022-10-21,18.38
2911,7,3,2022-10-21,18.78
2912,12,2,2022-10-21,18.38
2913,5,2,2022-10-21,8.78
2914,15,1,2022-10-21,1.89
2915,13,3,2022-10-21,27.57
2916,0,4,2022-10-21,17.16
2917,17,4,2022-10-21,7.96
2918,18,3,2022-10-21,12.27
2919,4,4,2022-10-21,29.96
2920,16,4,2022-10-21,5.8
2920,16,2,2022-10-21,2.9
2920,16,1,2022-10-21,1.45
2921,8,4,2022-10-21,29.96
2922,11,3,2022-10-21,27.57
2923,10,1,2022-10-21,7.29
2924,14,2,2022-10-21,4.58
2925,11,1,2022-10-21,9.19
2926,4,1,2022-10-21,7.49
2927,12,4,2022-10-21,36.76
2928,8,4,2022-10-21,29.96
2929,13,4,2022-10-21,36.76
2930,17,2,2022-10-21,3.98
2930,17,1,2022-10-21,1.99
2931,0,4,2022-10-21,17.16
2932,1,2,2022-10-21,9.98
2933,15,4,2022-10-21,7.56
2934,4,4,2022-10-21,29.96
2935,16,3,2022-10-21,4.35
2936,10,3,2022-10-21,21.87
2937,0,4,2022-10-21,17.16
2938,15,3,2022-10-21,5.67
2939,19,2,2022-10-21,7.9
2940,4,1,2022-10-21,7.49
2940,4,3,2022-10-21,22.47
2940,4,2,2022-10-21,14.98
2941,16,4,2022-10-21,5.8
2942,9,3,2022-10-21,22.47
2943,17,4,2022-10-21,7.96
2944,13,4,2022-10-21,36.76
2945,3,2,2022-10-21,10.72
2946,20,1,2022-10-21,2.15
2947,20,2,2022-10-21,4.3
2948,4,4,2022-10-21,29.96
2949,4,1,2022-10-21,7.49
2950,13,4,2022-10-22,36.76
2950,13,3,2022-10-22,27.57
2951,12,4,2022-10-22,36.76
2952,17,4,2022-10-22,7.96
2953,14,2,2022-10-22,4.58
2954,6,2,2022-10-22,14.98
2955,15,3,2022-10-22,5.67
2956,13,1,2022-10-22,9.19
2957,5,3,2022-10-22,13.17
2958,7,4,2022-10-22,25.04
2959,9,4,2022-10-22,29.96
2960,13,4,2022-10-22,36.76
2960,13,2,2022-10-22,18.38
2960,13,3,2022-10-22,27.57
2961,9,3,2022-10-22,22.47
2962,9,4,2022-10-22,29.96
2963,6,4,2022-10-22,29.96
2964,9,2,2022-10-22,14.98
2965,8,4,2022-10-22,29.96
2966,15,1,2022-10-22,1.89
2967,5,4,2022-10-22,17.56
2968,5,2,2022-10-22,8.78
2969,13,1,2022-10-22,9.19
2970,16,1,2022-10-22,1.45
2970,16,1,2022-10-22,1.45
2971,6,4,2022-10-22,29.96
2972,7,4,2022-10-22,25.04
2973,12,3,2022-10-22,27.57
2974,10,4,2022-10-22,29.16
2975,7,4,2022-10-22,25.04
2976,7,1,2022-10-22,6.26
2977,15,1,2022-10-22,1.89
2978,1,1,2022-10-22,4.99
2979,2,1,2022-10-22,4.65
2980,13,3,2022-10-22,27.57
2980,13,3,2022-10-22,27.57
2980,13,2,2022-10-22,18.38
2981,5,3,2022-10-22,13.17
2982,15,4,2022-10-22,7.56
2983,12,3,2022-10-22,27.57
2984,10,4,2022-10-22,29.16
2985,9,4,2022-10-22,29.96
2986,12,3,2022-10-22,27.57
2987,11,4,2022-10-22,36.76
2988,2,4,2022-10-22,18.6
2989,16,4,2022-10-22,5.8
2990,8,4,2022-10-22,29.96
2990,8,2,2022-10-22,14.98
2991,0,4,2022-10-22,17.16
2992,3,2,2022-10-22,10.72
2993,4,1,2022-10-22,7.49
2994,18,2,2022-10-22,8.18
2995,6,4,2022-10-22,29.96
2996,18,3,2022-10-22,12.27
2997,10,1,2022-10-22,7.29
2998,16,2,2022-10-22,2.9
2999,5,4,2022-10-22,17.56
3000,6,3,2022-10-22,22.47
3000,6,2,2022-10-22,14.98
3000,6,2,2022-10-22,14.98
3001,14,4,2022-10-22,9.16
3002,5,3,2022-10-22,13.17
3003,4,2,2022-10-22,14.98
3004,8,4,2022-10-22,29.96
3005,9,1,2022-10-22,7.49
3006,1,1,2022-10-22,4.99
3007,3,2,2022-10-22,10.72
3008,11,3,2022-10-22,27.57
3009,19,2,2022-10-22,7.9
3010,5,3,2022-10-22,13.17
3010,5,1,2022-10-22,4.39
3011,12,1,2022-10-22,9.19
3012,18,1,2022-10-22,4.09
3013,9,2,2022-10-22,14.98
3014,7,4,2022-10-22,25.04
3015,14,2,2022-10-22,4.58
3016,16,4,2022-10-22,5.8
3017,19,1,2022-10-22,3.95
3018,2,1,2022-10-22,4.65
3019,18,4,2022-10-22,16.36
3020,4,2,2022-10-22,14.98
3020,4,3,2022-10-22,22.47
3020,4,2,2022-10-22,14.98
3021,20,3,2022-10-22,6.45
3022,17,2,2022-10-22,3.98
3023,15,1,2022-10-22,1.89
3024,20,4,2022-10-22,8.6
3025,1,3,2022-10-22,14.97
3026,3,1,2022-10-22,5.36
3027,6,1,2022-10-22,7.49
3028,14,3,2022-10-22,6.87
3029,5,3,2022-10-22,13.17
3030,2,2,2022-10-22,9.3
3030,2,4,2022-10-22,18.6
3031,8,4,2022-10-22,29.96
3032,18,4,2022-10-22,16.36
3033,0,4,2022-10-22,17.16
3034,16,4,2022-10-22,5.8
3035,14,4,2022-10-22,9.16
3036,6,3,2022-10-22,22.47
3037,2,2,2022-10-22,9.3
3038,19,1,2022-10-22,3.95
3039,11,1,2022-10-22,9.19
3040,13,1,2022-10-22,9.19
3040,13,4,2022-10-22,36.76
3040,13,2,2022-10-22,18.38
3041,20,2,2022-10-22,4.3
3042,15,1,2022-10-22,1.89
3043,12,1,2022-10-22,9.19
3044,15,2,2022-10-22,3.78
3045,10,1,2022-10-22,7.29
3046,2,4,2022-10-22,18.6
3047,4,1,2022-10-22,7.49
3048,8,1,2022-10-22,7.49
3049,17,2,2022-10-22,3.98
3050,9,1,2022-10-22,7.49
3050,9,4,2022-10-22,29.96
3051,10,3,2022-10-22,21.87
3052,0,2,2022-10-22,8.58
3053,13,2,2022-10-22,18.38
3054,18,1,2022-10-22,4.09
3055,10,1,2022-10-22,7.29
3056,11,2,2022-10-22,18.38
3057,14,2,2022-10-22,4.58
3058,11,3,2022-10-22,27.57
3059,1,4,2022-10-22,19.96
3060,8,1,2022-10-22,7.49
3060,8,1,2022-10-22,7.49
3060,8,1,2022-10-22,7.49
3061,9,2,2022-10-22,14.98
3062,9,3,2022-10-22,22.47
3063,19,4,2022-10-22,15.8
3064,2,4,2022-10-22,18.6
3065,15,1,2022-10-22,1.89
3066,12,2,2022-10-22,18.38
3067,1,1,2022-10-22,4.99
3068,19,2,2022-10-22,7.9
3069,11,4,2022-10-22,36.76
3070,5,2,2022-10-22,8.78
3070,5,3,2022-10-22,13.17
3071,8,3,2022-10-22,22.47
3072,17,4,2022-10-22,7.96
3073,15,2,2022-10-22,3.78
3074,0,1,2022-10-22,4.29
3075,13,2,2022-10-22,18.38
3076,11,3,2022-10-22,27.57